Field Name,Type,Parent,Depth,API,Description
"id","ID","null","0","balancerAvalanche",""
"poolId","Pool","null","0","balancerAvalanche",""
"scheduledTimestamp","Int","null","0","balancerAvalanche",""
"startTimestamp","BigInt","null","0","balancerAvalanche",""
"endTimestamp","BigInt","null","0","balancerAvalanche",""
"startAmp","BigInt","null","0","balancerAvalanche",""
"endAmp","BigInt","null","0","balancerAvalanche",""
"id","ID","null","0","balancerAvalanche",""
"poolCount","Int","null","0","balancerAvalanche",""
"pools","Unknown","null","0","balancerAvalanche",""
"snapshots","Unknown","null","0","balancerAvalanche",""
"totalLiquidity","BigDecimal","null","0","balancerAvalanche",""
"totalSwapCount","BigInt","null","0","balancerAvalanche",""
"totalSwapVolume","BigDecimal","null","0","balancerAvalanche",""
"totalSwapFee","BigDecimal","null","0","balancerAvalanche",""
"totalProtocolFee","BigDecimal","null","0","balancerAvalanche",""
"protocolFeesCollector","Bytes","null","0","balancerAvalanche",""
"id","ID","null","0","balancerAvalanche",""
"vault","Balancer","null","0","balancerAvalanche",""
"timestamp","Int","null","0","balancerAvalanche",""
"poolCount","Int","null","0","balancerAvalanche",""
"totalLiquidity","BigDecimal","null","0","balancerAvalanche",""
"totalSwapCount","BigInt","null","0","balancerAvalanche",""
"totalSwapVolume","BigDecimal","null","0","balancerAvalanche",""
"totalSwapFee","BigDecimal","null","0","balancerAvalanche",""
"totalProtocolFee","BigDecimal","null","0","balancerAvalanche",""
"id","ID","null","0","balancerAvalanche",""
"pool","Pool","null","0","balancerAvalanche",""
"token","PoolToken","null","0","balancerAvalanche",""
"bptPrice","BigDecimal","null","0","balancerAvalanche",""
"lowerBoundPercentage","BigDecimal","null","0","balancerAvalanche",""
"upperBoundPercentage","BigDecimal","null","0","balancerAvalanche",""
"id","ID","null","0","balancerAvalanche",""
"tokens","Unknown","null","0","balancerAvalanche",""
"divisor","String","null","0","balancerAvalanche",""
"decimals","Int","null","0","balancerAvalanche",""
"id","ID","null","0","balancerAvalanche",""
"poolId","Pool","null","0","balancerAvalanche",""
"scheduledTimestamp","Int","null","0","balancerAvalanche",""
"startTimestamp","BigInt","null","0","balancerAvalanche",""
"endTimestamp","BigInt","null","0","balancerAvalanche",""
"startWeights","Unknown","null","0","balancerAvalanche",""
"endWeights","Unknown","null","0","balancerAvalanche",""
"id","ID","null","0","balancerAvalanche",""
"type","InvestType","null","0","balancerAvalanche",""
"sender","Bytes","null","0","balancerAvalanche",""
"amounts","Unknown","null","0","balancerAvalanche",""
"valueUSD","BigDecimal","null","0","balancerAvalanche",""
"pool","Pool","null","0","balancerAvalanche",""
"user","User","null","0","balancerAvalanche",""
"timestamp","Int","null","0","balancerAvalanche",""
"tx","Bytes","null","0","balancerAvalanche",""
"block","BigInt","null","0","balancerAvalanche",""
"id","ID","null","0","balancerAvalanche",""
"asset","Bytes","null","0","balancerAvalanche",""
"pricingAsset","Bytes","null","0","balancerAvalanche",""
"poolId","Pool","null","0","balancerAvalanche",""
"price","BigDecimal","null","0","balancerAvalanche",""
"block","BigInt","null","0","balancerAvalanche",""
"id","ID","null","0","balancerAvalanche",""
"type","OperationType","null","0","balancerAvalanche",""
"cashDelta","BigDecimal","null","0","balancerAvalanche",""
"managedDelta","BigDecimal","null","0","balancerAvalanche",""
"poolTokenId","PoolToken","null","0","balancerAvalanche",""
"timestamp","Int","null","0","balancerAvalanche",""
"id","ID","null","0","balancerAvalanche",""
"address","Bytes","null","0","balancerAvalanche",""
"poolType","String","null","0","balancerAvalanche",""
"poolTypeVersion","Int","null","0","balancerAvalanche",""
"factory","Bytes","null","0","balancerAvalanche",""
"strategyType","Int","null","0","balancerAvalanche",""
"oracleEnabled","Boolean","null","0","balancerAvalanche",""
"symbol","String","null","0","balancerAvalanche",""
"name","String","null","0","balancerAvalanche",""
"isInitialized","Boolean","null","0","balancerAvalanche",""
"swapEnabled","Boolean","null","0","balancerAvalanche",""
"swapEnabledInternal","Boolean","null","0","balancerAvalanche",""
"swapEnabledCurationSignal","Boolean","null","0","balancerAvalanche",""
"swapFee","BigDecimal","null","0","balancerAvalanche",""
"owner","Bytes","null","0","balancerAvalanche",""
"isPaused","Boolean","null","0","balancerAvalanche",""
"totalWeight","BigDecimal","null","0","balancerAvalanche",""
"totalSwapVolume","BigDecimal","null","0","balancerAvalanche",""
"totalSwapFee","BigDecimal","null","0","balancerAvalanche",""
"totalLiquidity","BigDecimal","null","0","balancerAvalanche",""
"totalLiquiditySansBPT","BigDecimal","null","0","balancerAvalanche",""
"totalShares","BigDecimal","null","0","balancerAvalanche",""
"totalProtocolFee","BigDecimal","null","0","balancerAvalanche",""
"createTime","Int","null","0","balancerAvalanche",""
"swapsCount","BigInt","null","0","balancerAvalanche",""
"holdersCount","BigInt","null","0","balancerAvalanche",""
"vaultID","Balancer","null","0","balancerAvalanche",""
"tx","Bytes","null","0","balancerAvalanche",""
"tokensList","Unknown","null","0","balancerAvalanche",""
"tokens","Unknown","null","0","balancerAvalanche",""
"joinsExits","Unknown","null","0","balancerAvalanche",""
"swaps","Unknown","null","0","balancerAvalanche",""
"shares","Unknown","null","0","balancerAvalanche",""
"snapshots","Unknown","null","0","balancerAvalanche",""
"historicalValues","Unknown","null","0","balancerAvalanche",""
"weightUpdates","Unknown","null","0","balancerAvalanche",""
"amp","BigInt","null","0","balancerAvalanche",""
"latestAmpUpdate","AmpUpdate","null","0","balancerAvalanche",""
"ampUpdates","Unknown","null","0","balancerAvalanche",""
"priceRateProviders","Unknown","null","0","balancerAvalanche",""
"principalToken","Bytes","null","0","balancerAvalanche",""
"baseToken","Bytes","null","0","balancerAvalanche",""
"expiryTime","BigInt","null","0","balancerAvalanche",""
"unitSeconds","BigInt","null","0","balancerAvalanche",""
"managementFee","BigDecimal","null","0","balancerAvalanche",""
"joinExitEnabled","Boolean","null","0","balancerAvalanche",""
"mustAllowlistLPs","Boolean","null","0","balancerAvalanche",""
"managementAumFee","BigDecimal","null","0","balancerAvalanche",""
"totalAumFeeCollectedInBPT","BigDecimal","null","0","balancerAvalanche",""
"circuitBreakers","Unknown","null","0","balancerAvalanche",""
"mainIndex","Int","null","0","balancerAvalanche",""
"wrappedIndex","Int","null","0","balancerAvalanche",""
"lowerTarget","BigDecimal","null","0","balancerAvalanche",""
"upperTarget","BigDecimal","null","0","balancerAvalanche",""
"sqrtAlpha","BigDecimal","null","0","balancerAvalanche",""
"sqrtBeta","BigDecimal","null","0","balancerAvalanche",""
"root3Alpha","BigDecimal","null","0","balancerAvalanche",""
"c","BigDecimal","null","0","balancerAvalanche",""
"s","BigDecimal","null","0","balancerAvalanche",""
"tauAlphaX","BigDecimal","null","0","balancerAvalanche",""
"tauAlphaY","BigDecimal","null","0","balancerAvalanche",""
"tauBetaX","BigDecimal","null","0","balancerAvalanche",""
"tauBetaY","BigDecimal","null","0","balancerAvalanche",""
"u","BigDecimal","null","0","balancerAvalanche",""
"v","BigDecimal","null","0","balancerAvalanche",""
"w","BigDecimal","null","0","balancerAvalanche",""
"z","BigDecimal","null","0","balancerAvalanche",""
"dSq","BigDecimal","null","0","balancerAvalanche",""
"alpha","BigDecimal","null","0","balancerAvalanche",""
"beta","BigDecimal","null","0","balancerAvalanche",""
"lambda","BigDecimal","null","0","balancerAvalanche",""
"delta","BigDecimal","null","0","balancerAvalanche",""
"epsilon","BigDecimal","null","0","balancerAvalanche",""
"isInRecoveryMode","Boolean","null","0","balancerAvalanche",""
"protocolSwapFeeCache","BigDecimal","null","0","balancerAvalanche",""
"protocolYieldFeeCache","BigDecimal","null","0","balancerAvalanche",""
"protocolAumFeeCache","BigDecimal","null","0","balancerAvalanche",""
"totalProtocolFeePaidInBPT","BigDecimal","null","0","balancerAvalanche",""
"lastJoinExitAmp","BigInt","null","0","balancerAvalanche",""
"lastPostJoinExitInvariant","BigDecimal","null","0","balancerAvalanche",""
"protocolId","Int","null","0","balancerAvalanche",""
"protocolIdData","ProtocolIdData","null","0","balancerAvalanche",""
"id","ID","null","0","balancerAvalanche",""
"pool","Pool","null","0","balancerAvalanche",""
"id","ID","null","0","balancerAvalanche",""
"poolId","Pool","null","0","balancerAvalanche",""
"poolTotalShares","BigDecimal","null","0","balancerAvalanche",""
"poolLiquidity","BigDecimal","null","0","balancerAvalanche",""
"poolShareValue","BigDecimal","null","0","balancerAvalanche",""
"pricingAsset","Bytes","null","0","balancerAvalanche",""
"block","BigInt","null","0","balancerAvalanche",""
"id","ID","null","0","balancerAvalanche",""
"userAddress","User","null","0","balancerAvalanche",""
"poolId","Pool","null","0","balancerAvalanche",""
"balance","BigDecimal","null","0","balancerAvalanche",""
"id","ID","null","0","balancerAvalanche",""
"pool","Pool","null","0","balancerAvalanche",""
"amounts","Unknown","null","0","balancerAvalanche",""
"totalShares","BigDecimal","null","0","balancerAvalanche",""
"swapVolume","BigDecimal","null","0","balancerAvalanche",""
"protocolFee","BigDecimal","null","0","balancerAvalanche",""
"swapFees","BigDecimal","null","0","balancerAvalanche",""
"liquidity","BigDecimal","null","0","balancerAvalanche",""
"swapsCount","BigInt","null","0","balancerAvalanche",""
"holdersCount","BigInt","null","0","balancerAvalanche",""
"timestamp","Int","null","0","balancerAvalanche",""
"id","ID","null","0","balancerAvalanche",""
"poolId","Pool","null","0","balancerAvalanche",""
"token","Token","null","0","balancerAvalanche",""
"assetManager","Bytes","null","0","balancerAvalanche",""
"symbol","String","null","0","balancerAvalanche",""
"name","String","null","0","balancerAvalanche",""
"decimals","Int","null","0","balancerAvalanche",""
"index","Int","null","0","balancerAvalanche",""
"address","String","null","0","balancerAvalanche",""
"oldPriceRate","BigDecimal","null","0","balancerAvalanche",""
"priceRate","BigDecimal","null","0","balancerAvalanche",""
"balance","BigDecimal","null","0","balancerAvalanche",""
"paidProtocolFees","BigDecimal","null","0","balancerAvalanche",""
"cashBalance","BigDecimal","null","0","balancerAvalanche",""
"managedBalance","BigDecimal","null","0","balancerAvalanche",""
"managements","Unknown","null","0","balancerAvalanche",""
"weight","BigDecimal","null","0","balancerAvalanche",""
"isExemptFromYieldProtocolFee","Boolean","null","0","balancerAvalanche",""
"circuitBreaker","CircuitBreaker","null","0","balancerAvalanche",""
"id","ID","null","0","balancerAvalanche",""
"poolId","Pool","null","0","balancerAvalanche",""
"token","PoolToken","null","0","balancerAvalanche",""
"address","Bytes","null","0","balancerAvalanche",""
"rate","BigDecimal","null","0","balancerAvalanche",""
"lastCached","Int","null","0","balancerAvalanche",""
"cacheDuration","Int","null","0","balancerAvalanche",""
"cacheExpiry","Int","null","0","balancerAvalanche",""
"id","ID","null","0","balancerAvalanche",""
"name","String","null","0","balancerAvalanche",""
"balancer","Balancer","null","0","balancerAvalanche",""
"balancers","Unknown","null","0","balancerAvalanche",""
"pool","Pool","null","0","balancerAvalanche",""
"pools","Unknown","null","0","balancerAvalanche",""
"poolContract","PoolContract","null","0","balancerAvalanche",""
"poolContracts","Unknown","null","0","balancerAvalanche",""
"poolToken","PoolToken","null","0","balancerAvalanche",""
"poolTokens","Unknown","null","0","balancerAvalanche",""
"priceRateProvider","PriceRateProvider","null","0","balancerAvalanche",""
"priceRateProviders","Unknown","null","0","balancerAvalanche",""
"circuitBreaker","CircuitBreaker","null","0","balancerAvalanche",""
"circuitBreakers","Unknown","null","0","balancerAvalanche",""
"poolShare","PoolShare","null","0","balancerAvalanche",""
"poolShares","Unknown","null","0","balancerAvalanche",""
"user","User","null","0","balancerAvalanche",""
"users","Unknown","null","0","balancerAvalanche",""
"userInternalBalance","UserInternalBalance","null","0","balancerAvalanche",""
"userInternalBalances","Unknown","null","0","balancerAvalanche",""
"gradualWeightUpdate","GradualWeightUpdate","null","0","balancerAvalanche",""
"gradualWeightUpdates","Unknown","null","0","balancerAvalanche",""
"ampUpdate","AmpUpdate","null","0","balancerAvalanche",""
"ampUpdates","Unknown","null","0","balancerAvalanche",""
"swapFeeUpdate","SwapFeeUpdate","null","0","balancerAvalanche",""
"swapFeeUpdates","Unknown","null","0","balancerAvalanche",""
"swap","Swap","null","0","balancerAvalanche",""
"swaps","Unknown","null","0","balancerAvalanche",""
"joinExit","JoinExit","null","0","balancerAvalanche",""
"joinExits","Unknown","null","0","balancerAvalanche",""
"latestPrice","LatestPrice","null","0","balancerAvalanche",""
"latestPrices","Unknown","null","0","balancerAvalanche",""
"poolHistoricalLiquidity","PoolHistoricalLiquidity","null","0","balancerAvalanche",""
"poolHistoricalLiquidities","Unknown","null","0","balancerAvalanche",""
"tokenPrice","TokenPrice","null","0","balancerAvalanche",""
"tokenPrices","Unknown","null","0","balancerAvalanche",""
"managementOperation","ManagementOperation","null","0","balancerAvalanche",""
"managementOperations","Unknown","null","0","balancerAvalanche",""
"poolSnapshot","PoolSnapshot","null","0","balancerAvalanche",""
"poolSnapshots","Unknown","null","0","balancerAvalanche",""
"token","Token","null","0","balancerAvalanche",""
"tokens","Unknown","null","0","balancerAvalanche",""
"tokenSnapshot","TokenSnapshot","null","0","balancerAvalanche",""
"tokenSnapshots","Unknown","null","0","balancerAvalanche",""
"tradePair","TradePair","null","0","balancerAvalanche",""
"tradePairs","Unknown","null","0","balancerAvalanche",""
"tradePairSnapshot","TradePairSnapshot","null","0","balancerAvalanche",""
"tradePairSnapshots","Unknown","null","0","balancerAvalanche",""
"balancerSnapshot","BalancerSnapshot","null","0","balancerAvalanche",""
"balancerSnapshots","Unknown","null","0","balancerAvalanche",""
"protocolIdData","ProtocolIdData","null","0","balancerAvalanche",""
"protocolIdDatas","Unknown","null","0","balancerAvalanche",""
"fxoracle","FXOracle","null","0","balancerAvalanche",""
"fxoracles","Unknown","null","0","balancerAvalanche",""
"_meta","_Meta_","null","0","balancerAvalanche",""
"balancer","Balancer","null","0","balancerAvalanche",""
"balancers","Unknown","null","0","balancerAvalanche",""
"pool","Pool","null","0","balancerAvalanche",""
"pools","Unknown","null","0","balancerAvalanche",""
"poolContract","PoolContract","null","0","balancerAvalanche",""
"poolContracts","Unknown","null","0","balancerAvalanche",""
"poolToken","PoolToken","null","0","balancerAvalanche",""
"poolTokens","Unknown","null","0","balancerAvalanche",""
"priceRateProvider","PriceRateProvider","null","0","balancerAvalanche",""
"priceRateProviders","Unknown","null","0","balancerAvalanche",""
"circuitBreaker","CircuitBreaker","null","0","balancerAvalanche",""
"circuitBreakers","Unknown","null","0","balancerAvalanche",""
"poolShare","PoolShare","null","0","balancerAvalanche",""
"poolShares","Unknown","null","0","balancerAvalanche",""
"user","User","null","0","balancerAvalanche",""
"users","Unknown","null","0","balancerAvalanche",""
"userInternalBalance","UserInternalBalance","null","0","balancerAvalanche",""
"userInternalBalances","Unknown","null","0","balancerAvalanche",""
"gradualWeightUpdate","GradualWeightUpdate","null","0","balancerAvalanche",""
"gradualWeightUpdates","Unknown","null","0","balancerAvalanche",""
"ampUpdate","AmpUpdate","null","0","balancerAvalanche",""
"ampUpdates","Unknown","null","0","balancerAvalanche",""
"swapFeeUpdate","SwapFeeUpdate","null","0","balancerAvalanche",""
"swapFeeUpdates","Unknown","null","0","balancerAvalanche",""
"swap","Swap","null","0","balancerAvalanche",""
"swaps","Unknown","null","0","balancerAvalanche",""
"joinExit","JoinExit","null","0","balancerAvalanche",""
"joinExits","Unknown","null","0","balancerAvalanche",""
"latestPrice","LatestPrice","null","0","balancerAvalanche",""
"latestPrices","Unknown","null","0","balancerAvalanche",""
"poolHistoricalLiquidity","PoolHistoricalLiquidity","null","0","balancerAvalanche",""
"poolHistoricalLiquidities","Unknown","null","0","balancerAvalanche",""
"tokenPrice","TokenPrice","null","0","balancerAvalanche",""
"tokenPrices","Unknown","null","0","balancerAvalanche",""
"managementOperation","ManagementOperation","null","0","balancerAvalanche",""
"managementOperations","Unknown","null","0","balancerAvalanche",""
"poolSnapshot","PoolSnapshot","null","0","balancerAvalanche",""
"poolSnapshots","Unknown","null","0","balancerAvalanche",""
"token","Token","null","0","balancerAvalanche",""
"tokens","Unknown","null","0","balancerAvalanche",""
"tokenSnapshot","TokenSnapshot","null","0","balancerAvalanche",""
"tokenSnapshots","Unknown","null","0","balancerAvalanche",""
"tradePair","TradePair","null","0","balancerAvalanche",""
"tradePairs","Unknown","null","0","balancerAvalanche",""
"tradePairSnapshot","TradePairSnapshot","null","0","balancerAvalanche",""
"tradePairSnapshots","Unknown","null","0","balancerAvalanche",""
"balancerSnapshot","BalancerSnapshot","null","0","balancerAvalanche",""
"balancerSnapshots","Unknown","null","0","balancerAvalanche",""
"protocolIdData","ProtocolIdData","null","0","balancerAvalanche",""
"protocolIdDatas","Unknown","null","0","balancerAvalanche",""
"fxoracle","FXOracle","null","0","balancerAvalanche",""
"fxoracles","Unknown","null","0","balancerAvalanche",""
"_meta","_Meta_","null","0","balancerAvalanche",""
"id","ID","null","0","balancerAvalanche",""
"caller","Bytes","null","0","balancerAvalanche",""
"tokenIn","Bytes","null","0","balancerAvalanche",""
"tokenInSym","String","null","0","balancerAvalanche",""
"tokenOut","Bytes","null","0","balancerAvalanche",""
"tokenOutSym","String","null","0","balancerAvalanche",""
"tokenAmountIn","BigDecimal","null","0","balancerAvalanche",""
"tokenAmountOut","BigDecimal","null","0","balancerAvalanche",""
"valueUSD","BigDecimal","null","0","balancerAvalanche",""
"poolId","Pool","null","0","balancerAvalanche",""
"userAddress","User","null","0","balancerAvalanche",""
"timestamp","Int","null","0","balancerAvalanche",""
"block","BigInt","null","0","balancerAvalanche",""
"tx","Bytes","null","0","balancerAvalanche",""
"id","ID","null","0","balancerAvalanche",""
"pool","Pool","null","0","balancerAvalanche",""
"scheduledTimestamp","Int","null","0","balancerAvalanche",""
"startTimestamp","BigInt","null","0","balancerAvalanche",""
"endTimestamp","BigInt","null","0","balancerAvalanche",""
"startSwapFeePercentage","BigDecimal","null","0","balancerAvalanche",""
"endSwapFeePercentage","BigDecimal","null","0","balancerAvalanche",""
"id","ID","null","0","balancerAvalanche",""
"symbol","String","null","0","balancerAvalanche",""
"name","String","null","0","balancerAvalanche",""
"decimals","Int","null","0","balancerAvalanche",""
"address","String","null","0","balancerAvalanche",""
"totalBalanceUSD","BigDecimal","null","0","balancerAvalanche",""
"totalBalanceNotional","BigDecimal","null","0","balancerAvalanche",""
"totalVolumeUSD","BigDecimal","null","0","balancerAvalanche",""
"totalVolumeNotional","BigDecimal","null","0","balancerAvalanche",""
"totalSwapCount","BigInt","null","0","balancerAvalanche",""
"latestPrice","LatestPrice","null","0","balancerAvalanche",""
"latestUSDPrice","BigDecimal","null","0","balancerAvalanche",""
"latestUSDPriceTimestamp","BigInt","null","0","balancerAvalanche",""
"latestFXPrice","BigDecimal","null","0","balancerAvalanche",""
"pool","Pool","null","0","balancerAvalanche",""
"fxOracleDecimals","Int","null","0","balancerAvalanche",""
"id","ID","null","0","balancerAvalanche",""
"poolId","Pool","null","0","balancerAvalanche",""
"asset","Bytes","null","0","balancerAvalanche",""
"amount","BigDecimal","null","0","balancerAvalanche",""
"pricingAsset","Bytes","null","0","balancerAvalanche",""
"price","BigDecimal","null","0","balancerAvalanche",""
"block","BigInt","null","0","balancerAvalanche",""
"timestamp","Int","null","0","balancerAvalanche",""
"id","ID","null","0","balancerAvalanche",""
"token","Token","null","0","balancerAvalanche",""
"timestamp","Int","null","0","balancerAvalanche",""
"totalBalanceUSD","BigDecimal","null","0","balancerAvalanche",""
"totalBalanceNotional","BigDecimal","null","0","balancerAvalanche",""
"totalVolumeUSD","BigDecimal","null","0","balancerAvalanche",""
"totalVolumeNotional","BigDecimal","null","0","balancerAvalanche",""
"totalSwapCount","BigInt","null","0","balancerAvalanche",""
"id","ID","null","0","balancerAvalanche",""
"token0","Token","null","0","balancerAvalanche",""
"token1","Token","null","0","balancerAvalanche",""
"totalSwapVolume","BigDecimal","null","0","balancerAvalanche",""
"totalSwapFee","BigDecimal","null","0","balancerAvalanche",""
"id","ID","null","0","balancerAvalanche",""
"pair","TradePair","null","0","balancerAvalanche",""
"timestamp","Int","null","0","balancerAvalanche",""
"totalSwapVolume","BigDecimal","null","0","balancerAvalanche",""
"totalSwapFee","BigDecimal","null","0","balancerAvalanche",""
"id","ID","null","0","balancerAvalanche",""
"sharesOwned","Unknown","null","0","balancerAvalanche",""
"swaps","Unknown","null","0","balancerAvalanche",""
"userInternalBalances","Unknown","null","0","balancerAvalanche",""
"id","ID","null","0","balancerAvalanche",""
"userAddress","User","null","0","balancerAvalanche",""
"token","Bytes","null","0","balancerAvalanche",""
"tokenInfo","Token","null","0","balancerAvalanche",""
"balance","BigDecimal","null","0","balancerAvalanche",""
"hash","Bytes","null","0","balancerAvalanche",""
"number","Int","null","0","balancerAvalanche",""
"timestamp","Int","null","0","balancerAvalanche",""
"parentHash","Bytes","null","0","balancerAvalanche",""
"block","_Block_","null","0","balancerAvalanche",""
"deployment","String","null","0","balancerAvalanche",""
"hasIndexingErrors","Boolean","null","0","balancerAvalanche",""