"id","ID","NON_NULL","curveEthereum","Account"
"id","ID","NON_NULL","curveEthereum","ActiveAccount"
"id","ID","NON_NULL","curveEthereum","Deposit"
"hash","String","NON_NULL","curveEthereum","Deposit"
"logIndex","Int","NON_NULL","curveEthereum","Deposit"
"protocol","DexAmmProtocol","NON_NULL","curveEthereum","Deposit"
"to","String","NON_NULL","curveEthereum","Deposit"
"from","String","NON_NULL","curveEthereum","Deposit"
"blockNumber","BigInt","NON_NULL","curveEthereum","Deposit"
"timestamp","BigInt","NON_NULL","curveEthereum","Deposit"
"inputTokens","Unknown","NON_NULL","curveEthereum","Deposit"
"outputToken","Token","OBJECT","curveEthereum","Deposit"
"inputTokenAmounts","Unknown","NON_NULL","curveEthereum","Deposit"
"outputTokenAmount","BigInt","SCALAR","curveEthereum","Deposit"
"amountUSD","BigDecimal","NON_NULL","curveEthereum","Deposit"
"pool","LiquidityPool","NON_NULL","curveEthereum","Deposit"
"id","ID","NON_NULL","curveEthereum","DexAmmProtocol"
"name","String","NON_NULL","curveEthereum","DexAmmProtocol"
"slug","String","NON_NULL","curveEthereum","DexAmmProtocol"
"schemaVersion","String","NON_NULL","curveEthereum","DexAmmProtocol"
"subgraphVersion","String","NON_NULL","curveEthereum","DexAmmProtocol"
"methodologyVersion","String","NON_NULL","curveEthereum","DexAmmProtocol"
"network","Network","NON_NULL","curveEthereum","DexAmmProtocol"
"type","ProtocolType","NON_NULL","curveEthereum","DexAmmProtocol"
"totalValueLockedUSD","BigDecimal","NON_NULL","curveEthereum","DexAmmProtocol"
"protocolControlledValueUSD","BigDecimal","SCALAR","curveEthereum","DexAmmProtocol"
"cumulativeVolumeUSD","BigDecimal","NON_NULL","curveEthereum","DexAmmProtocol"
"cumulativeSupplySideRevenueUSD","BigDecimal","NON_NULL","curveEthereum","DexAmmProtocol"
"cumulativeProtocolSideRevenueUSD","BigDecimal","NON_NULL","curveEthereum","DexAmmProtocol"
"cumulativeTotalRevenueUSD","BigDecimal","NON_NULL","curveEthereum","DexAmmProtocol"
"cumulativeUniqueUsers","Int","NON_NULL","curveEthereum","DexAmmProtocol"
"totalPoolCount","Int","NON_NULL","curveEthereum","DexAmmProtocol"
"dailyUsageMetrics","Unknown","NON_NULL","curveEthereum","DexAmmProtocol"
"hourlyUsageMetrics","Unknown","NON_NULL","curveEthereum","DexAmmProtocol"
"financialMetrics","Unknown","NON_NULL","curveEthereum","DexAmmProtocol"
"pools","Unknown","NON_NULL","curveEthereum","DexAmmProtocol"
"_poolIds","Unknown","NON_NULL","curveEthereum","DexAmmProtocol"
"id","ID","NON_NULL","curveEthereum","Event"
"hash","String","NON_NULL","curveEthereum","Event"
"logIndex","Int","NON_NULL","curveEthereum","Event"
"protocol","DexAmmProtocol","NON_NULL","curveEthereum","Event"
"to","String","NON_NULL","curveEthereum","Event"
"from","String","NON_NULL","curveEthereum","Event"
"blockNumber","BigInt","NON_NULL","curveEthereum","Event"
"timestamp","BigInt","NON_NULL","curveEthereum","Event"
"id","ID","NON_NULL","curveEthereum","FinancialsDailySnapshot"
"protocol","DexAmmProtocol","NON_NULL","curveEthereum","FinancialsDailySnapshot"
"totalValueLockedUSD","BigDecimal","NON_NULL","curveEthereum","FinancialsDailySnapshot"
"protocolControlledValueUSD","BigDecimal","SCALAR","curveEthereum","FinancialsDailySnapshot"
"dailyVolumeUSD","BigDecimal","NON_NULL","curveEthereum","FinancialsDailySnapshot"
"cumulativeVolumeUSD","BigDecimal","NON_NULL","curveEthereum","FinancialsDailySnapshot"
"dailySupplySideRevenueUSD","BigDecimal","NON_NULL","curveEthereum","FinancialsDailySnapshot"
"cumulativeSupplySideRevenueUSD","BigDecimal","NON_NULL","curveEthereum","FinancialsDailySnapshot"
"dailyProtocolSideRevenueUSD","BigDecimal","NON_NULL","curveEthereum","FinancialsDailySnapshot"
"cumulativeProtocolSideRevenueUSD","BigDecimal","NON_NULL","curveEthereum","FinancialsDailySnapshot"
"dailyTotalRevenueUSD","BigDecimal","NON_NULL","curveEthereum","FinancialsDailySnapshot"
"cumulativeTotalRevenueUSD","BigDecimal","NON_NULL","curveEthereum","FinancialsDailySnapshot"
"blockNumber","BigInt","NON_NULL","curveEthereum","FinancialsDailySnapshot"
"timestamp","BigInt","NON_NULL","curveEthereum","FinancialsDailySnapshot"
"id","ID","NON_NULL","curveEthereum","LiquidityPool"
"protocol","DexAmmProtocol","NON_NULL","curveEthereum","LiquidityPool"
"name","String","SCALAR","curveEthereum","LiquidityPool"
"symbol","String","SCALAR","curveEthereum","LiquidityPool"
"inputTokens","Unknown","NON_NULL","curveEthereum","LiquidityPool"
"_inputTokensOrdered","Unknown","NON_NULL","curveEthereum","LiquidityPool"
"outputToken","Token","OBJECT","curveEthereum","LiquidityPool"
"rewardTokens","Unknown","LIST","curveEthereum","LiquidityPool"
"fees","Unknown","NON_NULL","curveEthereum","LiquidityPool"
"isSingleSided","Boolean","NON_NULL","curveEthereum","LiquidityPool"
"createdTimestamp","BigInt","NON_NULL","curveEthereum","LiquidityPool"
"createdBlockNumber","BigInt","NON_NULL","curveEthereum","LiquidityPool"
"totalValueLockedUSD","BigDecimal","NON_NULL","curveEthereum","LiquidityPool"
"_tvlUSDExcludingBasePoolLpTokens","BigDecimal","NON_NULL","curveEthereum","LiquidityPool"
"cumulativeSupplySideRevenueUSD","BigDecimal","NON_NULL","curveEthereum","LiquidityPool"
"cumulativeProtocolSideRevenueUSD","BigDecimal","NON_NULL","curveEthereum","LiquidityPool"
"cumulativeTotalRevenueUSD","BigDecimal","NON_NULL","curveEthereum","LiquidityPool"
"cumulativeVolumeUSD","BigDecimal","NON_NULL","curveEthereum","LiquidityPool"
"inputTokenBalances","Unknown","NON_NULL","curveEthereum","LiquidityPool"
"inputTokenWeights","Unknown","NON_NULL","curveEthereum","LiquidityPool"
"outputTokenSupply","BigInt","SCALAR","curveEthereum","LiquidityPool"
"outputTokenPriceUSD","BigDecimal","SCALAR","curveEthereum","LiquidityPool"
"stakedOutputTokenAmount","BigInt","SCALAR","curveEthereum","LiquidityPool"
"rewardTokenEmissionsAmount","Unknown","LIST","curveEthereum","LiquidityPool"
"rewardTokenEmissionsUSD","Unknown","LIST","curveEthereum","LiquidityPool"
"dailySnapshots","Unknown","NON_NULL","curveEthereum","LiquidityPool"
"hourlySnapshots","Unknown","NON_NULL","curveEthereum","LiquidityPool"
"deposits","Unknown","NON_NULL","curveEthereum","LiquidityPool"
"withdraws","Unknown","NON_NULL","curveEthereum","LiquidityPool"
"swaps","Unknown","NON_NULL","curveEthereum","LiquidityPool"
"_registryAddress","String","NON_NULL","curveEthereum","LiquidityPool"
"_gaugeAddress","String","NON_NULL","curveEthereum","LiquidityPool"
"_isMetapool","Boolean","NON_NULL","curveEthereum","LiquidityPool"
"id","ID","NON_NULL","curveEthereum","LiquidityPoolDailySnapshot"
"protocol","DexAmmProtocol","NON_NULL","curveEthereum","LiquidityPoolDailySnapshot"
"pool","LiquidityPool","NON_NULL","curveEthereum","LiquidityPoolDailySnapshot"
"blockNumber","BigInt","NON_NULL","curveEthereum","LiquidityPoolDailySnapshot"
"timestamp","BigInt","NON_NULL","curveEthereum","LiquidityPoolDailySnapshot"
"totalValueLockedUSD","BigDecimal","NON_NULL","curveEthereum","LiquidityPoolDailySnapshot"
"cumulativeSupplySideRevenueUSD","BigDecimal","NON_NULL","curveEthereum","LiquidityPoolDailySnapshot"
"dailySupplySideRevenueUSD","BigDecimal","NON_NULL","curveEthereum","LiquidityPoolDailySnapshot"
"cumulativeProtocolSideRevenueUSD","BigDecimal","NON_NULL","curveEthereum","LiquidityPoolDailySnapshot"
"dailyProtocolSideRevenueUSD","BigDecimal","NON_NULL","curveEthereum","LiquidityPoolDailySnapshot"
"cumulativeTotalRevenueUSD","BigDecimal","NON_NULL","curveEthereum","LiquidityPoolDailySnapshot"
"dailyTotalRevenueUSD","BigDecimal","NON_NULL","curveEthereum","LiquidityPoolDailySnapshot"
"dailyVolumeUSD","BigDecimal","NON_NULL","curveEthereum","LiquidityPoolDailySnapshot"
"dailyVolumeByTokenAmount","Unknown","NON_NULL","curveEthereum","LiquidityPoolDailySnapshot"
"dailyVolumeByTokenUSD","Unknown","NON_NULL","curveEthereum","LiquidityPoolDailySnapshot"
"cumulativeVolumeUSD","BigDecimal","NON_NULL","curveEthereum","LiquidityPoolDailySnapshot"
"inputTokenBalances","Unknown","NON_NULL","curveEthereum","LiquidityPoolDailySnapshot"
"inputTokenWeights","Unknown","NON_NULL","curveEthereum","LiquidityPoolDailySnapshot"
"outputTokenSupply","BigInt","SCALAR","curveEthereum","LiquidityPoolDailySnapshot"
"outputTokenPriceUSD","BigDecimal","SCALAR","curveEthereum","LiquidityPoolDailySnapshot"
"stakedOutputTokenAmount","BigInt","SCALAR","curveEthereum","LiquidityPoolDailySnapshot"
"rewardTokenEmissionsAmount","Unknown","LIST","curveEthereum","LiquidityPoolDailySnapshot"
"rewardTokenEmissionsUSD","Unknown","LIST","curveEthereum","LiquidityPoolDailySnapshot"
"id","ID","NON_NULL","curveEthereum","LiquidityPoolFee"
"feePercentage","BigDecimal","SCALAR","curveEthereum","LiquidityPoolFee"
"feeType","LiquidityPoolFeeType","NON_NULL","curveEthereum","LiquidityPoolFee"
"id","ID","NON_NULL","curveEthereum","LiquidityPoolHourlySnapshot"
"protocol","DexAmmProtocol","NON_NULL","curveEthereum","LiquidityPoolHourlySnapshot"
"pool","LiquidityPool","NON_NULL","curveEthereum","LiquidityPoolHourlySnapshot"
"blockNumber","BigInt","NON_NULL","curveEthereum","LiquidityPoolHourlySnapshot"
"timestamp","BigInt","NON_NULL","curveEthereum","LiquidityPoolHourlySnapshot"
"totalValueLockedUSD","BigDecimal","NON_NULL","curveEthereum","LiquidityPoolHourlySnapshot"
"cumulativeSupplySideRevenueUSD","BigDecimal","NON_NULL","curveEthereum","LiquidityPoolHourlySnapshot"
"hourlySupplySideRevenueUSD","BigDecimal","NON_NULL","curveEthereum","LiquidityPoolHourlySnapshot"
"cumulativeProtocolSideRevenueUSD","BigDecimal","NON_NULL","curveEthereum","LiquidityPoolHourlySnapshot"
"hourlyProtocolSideRevenueUSD","BigDecimal","NON_NULL","curveEthereum","LiquidityPoolHourlySnapshot"
"cumulativeTotalRevenueUSD","BigDecimal","NON_NULL","curveEthereum","LiquidityPoolHourlySnapshot"
"hourlyTotalRevenueUSD","BigDecimal","NON_NULL","curveEthereum","LiquidityPoolHourlySnapshot"
"hourlyVolumeUSD","BigDecimal","NON_NULL","curveEthereum","LiquidityPoolHourlySnapshot"
"hourlyVolumeByTokenAmount","Unknown","NON_NULL","curveEthereum","LiquidityPoolHourlySnapshot"
"hourlyVolumeByTokenUSD","Unknown","NON_NULL","curveEthereum","LiquidityPoolHourlySnapshot"
"cumulativeVolumeUSD","BigDecimal","NON_NULL","curveEthereum","LiquidityPoolHourlySnapshot"
"inputTokenBalances","Unknown","NON_NULL","curveEthereum","LiquidityPoolHourlySnapshot"
"inputTokenWeights","Unknown","NON_NULL","curveEthereum","LiquidityPoolHourlySnapshot"
"outputTokenSupply","BigInt","SCALAR","curveEthereum","LiquidityPoolHourlySnapshot"
"outputTokenPriceUSD","BigDecimal","SCALAR","curveEthereum","LiquidityPoolHourlySnapshot"
"stakedOutputTokenAmount","BigInt","SCALAR","curveEthereum","LiquidityPoolHourlySnapshot"
"rewardTokenEmissionsAmount","Unknown","LIST","curveEthereum","LiquidityPoolHourlySnapshot"
"rewardTokenEmissionsUSD","Unknown","LIST","curveEthereum","LiquidityPoolHourlySnapshot"
"id","ID","NON_NULL","curveEthereum","Protocol"
"name","String","NON_NULL","curveEthereum","Protocol"
"slug","String","NON_NULL","curveEthereum","Protocol"
"schemaVersion","String","NON_NULL","curveEthereum","Protocol"
"subgraphVersion","String","NON_NULL","curveEthereum","Protocol"
"methodologyVersion","String","NON_NULL","curveEthereum","Protocol"
"network","Network","NON_NULL","curveEthereum","Protocol"
"type","ProtocolType","NON_NULL","curveEthereum","Protocol"
"totalValueLockedUSD","BigDecimal","NON_NULL","curveEthereum","Protocol"
"protocolControlledValueUSD","BigDecimal","SCALAR","curveEthereum","Protocol"
"cumulativeSupplySideRevenueUSD","BigDecimal","NON_NULL","curveEthereum","Protocol"
"cumulativeProtocolSideRevenueUSD","BigDecimal","NON_NULL","curveEthereum","Protocol"
"cumulativeTotalRevenueUSD","BigDecimal","NON_NULL","curveEthereum","Protocol"
"cumulativeUniqueUsers","Int","NON_NULL","curveEthereum","Protocol"
"totalPoolCount","Int","NON_NULL","curveEthereum","Protocol"
"dailyUsageMetrics","Unknown","NON_NULL","curveEthereum","Protocol"
"hourlyUsageMetrics","Unknown","NON_NULL","curveEthereum","Protocol"
"financialMetrics","Unknown","NON_NULL","curveEthereum","Protocol"
"token","Token","OBJECT","curveEthereum","Query"
"tokens","Unknown","NON_NULL","curveEthereum","Query"
"rewardToken","RewardToken","OBJECT","curveEthereum","Query"
"rewardTokens","Unknown","NON_NULL","curveEthereum","Query"
"liquidityPoolFee","LiquidityPoolFee","OBJECT","curveEthereum","Query"
"liquidityPoolFees","Unknown","NON_NULL","curveEthereum","Query"
"dexAmmProtocol","DexAmmProtocol","OBJECT","curveEthereum","Query"
"dexAmmProtocols","Unknown","NON_NULL","curveEthereum","Query"
"usageMetricsDailySnapshot","UsageMetricsDailySnapshot","OBJECT","curveEthereum","Query"
"usageMetricsDailySnapshots","Unknown","NON_NULL","curveEthereum","Query"
"usageMetricsHourlySnapshot","UsageMetricsHourlySnapshot","OBJECT","curveEthereum","Query"
"usageMetricsHourlySnapshots","Unknown","NON_NULL","curveEthereum","Query"
"financialsDailySnapshot","FinancialsDailySnapshot","OBJECT","curveEthereum","Query"
"financialsDailySnapshots","Unknown","NON_NULL","curveEthereum","Query"
"liquidityPool","LiquidityPool","OBJECT","curveEthereum","Query"
"liquidityPools","Unknown","NON_NULL","curveEthereum","Query"
"liquidityPoolDailySnapshot","LiquidityPoolDailySnapshot","OBJECT","curveEthereum","Query"
"liquidityPoolDailySnapshots","Unknown","NON_NULL","curveEthereum","Query"
"liquidityPoolHourlySnapshot","LiquidityPoolHourlySnapshot","OBJECT","curveEthereum","Query"
"liquidityPoolHourlySnapshots","Unknown","NON_NULL","curveEthereum","Query"
"deposit","Deposit","OBJECT","curveEthereum","Query"
"deposits","Unknown","NON_NULL","curveEthereum","Query"
"withdraw","Withdraw","OBJECT","curveEthereum","Query"
"withdraws","Unknown","NON_NULL","curveEthereum","Query"
"swap","Swap","OBJECT","curveEthereum","Query"
"swaps","Unknown","NON_NULL","curveEthereum","Query"
"account","Account","OBJECT","curveEthereum","Query"
"accounts","Unknown","NON_NULL","curveEthereum","Query"
"activeAccount","ActiveAccount","OBJECT","curveEthereum","Query"
"activeAccounts","Unknown","NON_NULL","curveEthereum","Query"
"liquidityGauge","_LiquidityGauge","OBJECT","curveEthereum","Query"
"liquidityGauges","Unknown","NON_NULL","curveEthereum","Query"
"lpToken","_LpToken","OBJECT","curveEthereum","Query"
"lpTokens","Unknown","NON_NULL","curveEthereum","Query"
"circularBuffer","_CircularBuffer","OBJECT","curveEthereum","Query"
"circularBuffers","Unknown","NON_NULL","curveEthereum","Query"
"protocol","Protocol","INTERFACE","curveEthereum","Query"
"protocols","Unknown","NON_NULL","curveEthereum","Query"
"event","Event","INTERFACE","curveEthereum","Query"
"events","Unknown","NON_NULL","curveEthereum","Query"
"_meta","_Meta_","OBJECT","curveEthereum","Query"
"id","ID","NON_NULL","curveEthereum","RewardToken"
"token","Token","NON_NULL","curveEthereum","RewardToken"
"type","RewardTokenType","NON_NULL","curveEthereum","RewardToken"
"token","Token","OBJECT","curveEthereum","Subscription"
"tokens","Unknown","NON_NULL","curveEthereum","Subscription"
"rewardToken","RewardToken","OBJECT","curveEthereum","Subscription"
"rewardTokens","Unknown","NON_NULL","curveEthereum","Subscription"
"liquidityPoolFee","LiquidityPoolFee","OBJECT","curveEthereum","Subscription"
"liquidityPoolFees","Unknown","NON_NULL","curveEthereum","Subscription"
"dexAmmProtocol","DexAmmProtocol","OBJECT","curveEthereum","Subscription"
"dexAmmProtocols","Unknown","NON_NULL","curveEthereum","Subscription"
"usageMetricsDailySnapshot","UsageMetricsDailySnapshot","OBJECT","curveEthereum","Subscription"
"usageMetricsDailySnapshots","Unknown","NON_NULL","curveEthereum","Subscription"
"usageMetricsHourlySnapshot","UsageMetricsHourlySnapshot","OBJECT","curveEthereum","Subscription"
"usageMetricsHourlySnapshots","Unknown","NON_NULL","curveEthereum","Subscription"
"financialsDailySnapshot","FinancialsDailySnapshot","OBJECT","curveEthereum","Subscription"
"financialsDailySnapshots","Unknown","NON_NULL","curveEthereum","Subscription"
"liquidityPool","LiquidityPool","OBJECT","curveEthereum","Subscription"
"liquidityPools","Unknown","NON_NULL","curveEthereum","Subscription"
"liquidityPoolDailySnapshot","LiquidityPoolDailySnapshot","OBJECT","curveEthereum","Subscription"
"liquidityPoolDailySnapshots","Unknown","NON_NULL","curveEthereum","Subscription"
"liquidityPoolHourlySnapshot","LiquidityPoolHourlySnapshot","OBJECT","curveEthereum","Subscription"
"liquidityPoolHourlySnapshots","Unknown","NON_NULL","curveEthereum","Subscription"
"deposit","Deposit","OBJECT","curveEthereum","Subscription"
"deposits","Unknown","NON_NULL","curveEthereum","Subscription"
"withdraw","Withdraw","OBJECT","curveEthereum","Subscription"
"withdraws","Unknown","NON_NULL","curveEthereum","Subscription"
"swap","Swap","OBJECT","curveEthereum","Subscription"
"swaps","Unknown","NON_NULL","curveEthereum","Subscription"
"account","Account","OBJECT","curveEthereum","Subscription"
"accounts","Unknown","NON_NULL","curveEthereum","Subscription"
"activeAccount","ActiveAccount","OBJECT","curveEthereum","Subscription"
"activeAccounts","Unknown","NON_NULL","curveEthereum","Subscription"
"liquidityGauge","_LiquidityGauge","OBJECT","curveEthereum","Subscription"
"liquidityGauges","Unknown","NON_NULL","curveEthereum","Subscription"
"lpToken","_LpToken","OBJECT","curveEthereum","Subscription"
"lpTokens","Unknown","NON_NULL","curveEthereum","Subscription"
"circularBuffer","_CircularBuffer","OBJECT","curveEthereum","Subscription"
"circularBuffers","Unknown","NON_NULL","curveEthereum","Subscription"
"protocol","Protocol","INTERFACE","curveEthereum","Subscription"
"protocols","Unknown","NON_NULL","curveEthereum","Subscription"
"event","Event","INTERFACE","curveEthereum","Subscription"
"events","Unknown","NON_NULL","curveEthereum","Subscription"
"_meta","_Meta_","OBJECT","curveEthereum","Subscription"
"id","ID","NON_NULL","curveEthereum","Swap"
"hash","String","NON_NULL","curveEthereum","Swap"
"logIndex","Int","NON_NULL","curveEthereum","Swap"
"protocol","DexAmmProtocol","NON_NULL","curveEthereum","Swap"
"to","String","NON_NULL","curveEthereum","Swap"
"from","String","NON_NULL","curveEthereum","Swap"
"blockNumber","BigInt","NON_NULL","curveEthereum","Swap"
"timestamp","BigInt","NON_NULL","curveEthereum","Swap"
"tokenIn","Token","NON_NULL","curveEthereum","Swap"
"amountIn","BigInt","NON_NULL","curveEthereum","Swap"
"amountInUSD","BigDecimal","NON_NULL","curveEthereum","Swap"
"tokenOut","Token","NON_NULL","curveEthereum","Swap"
"amountOut","BigInt","NON_NULL","curveEthereum","Swap"
"amountOutUSD","BigDecimal","NON_NULL","curveEthereum","Swap"
"pool","LiquidityPool","NON_NULL","curveEthereum","Swap"
"id","ID","NON_NULL","curveEthereum","Token"
"name","String","NON_NULL","curveEthereum","Token"
"symbol","String","NON_NULL","curveEthereum","Token"
"decimals","Int","NON_NULL","curveEthereum","Token"
"isBasePoolLpToken","Boolean","NON_NULL","curveEthereum","Token"
"lastPriceUSD","BigDecimal","SCALAR","curveEthereum","Token"
"lastPriceBlockNumber","BigInt","SCALAR","curveEthereum","Token"
"oracleType","String","SCALAR","curveEthereum","Token"
"_totalSupply","BigInt","NON_NULL","curveEthereum","Token"
"_totalValueLockedUSD","BigDecimal","NON_NULL","curveEthereum","Token"
"_largePriceChangeBuffer","Int","NON_NULL","curveEthereum","Token"
"_largeTVLImpactBuffer","Int","NON_NULL","curveEthereum","Token"
"id","ID","NON_NULL","curveEthereum","UsageMetricsDailySnapshot"
"protocol","DexAmmProtocol","NON_NULL","curveEthereum","UsageMetricsDailySnapshot"
"dailyActiveUsers","Int","NON_NULL","curveEthereum","UsageMetricsDailySnapshot"
"cumulativeUniqueUsers","Int","NON_NULL","curveEthereum","UsageMetricsDailySnapshot"
"dailyTransactionCount","Int","NON_NULL","curveEthereum","UsageMetricsDailySnapshot"
"dailyDepositCount","Int","NON_NULL","curveEthereum","UsageMetricsDailySnapshot"
"dailyWithdrawCount","Int","NON_NULL","curveEthereum","UsageMetricsDailySnapshot"
"dailySwapCount","Int","NON_NULL","curveEthereum","UsageMetricsDailySnapshot"
"totalPoolCount","Int","NON_NULL","curveEthereum","UsageMetricsDailySnapshot"
"blockNumber","BigInt","NON_NULL","curveEthereum","UsageMetricsDailySnapshot"
"timestamp","BigInt","NON_NULL","curveEthereum","UsageMetricsDailySnapshot"
"id","ID","NON_NULL","curveEthereum","UsageMetricsHourlySnapshot"
"protocol","DexAmmProtocol","NON_NULL","curveEthereum","UsageMetricsHourlySnapshot"
"hourlyActiveUsers","Int","NON_NULL","curveEthereum","UsageMetricsHourlySnapshot"
"cumulativeUniqueUsers","Int","NON_NULL","curveEthereum","UsageMetricsHourlySnapshot"
"hourlyTransactionCount","Int","NON_NULL","curveEthereum","UsageMetricsHourlySnapshot"
"hourlyDepositCount","Int","NON_NULL","curveEthereum","UsageMetricsHourlySnapshot"
"hourlyWithdrawCount","Int","NON_NULL","curveEthereum","UsageMetricsHourlySnapshot"
"hourlySwapCount","Int","NON_NULL","curveEthereum","UsageMetricsHourlySnapshot"
"blockNumber","BigInt","NON_NULL","curveEthereum","UsageMetricsHourlySnapshot"
"timestamp","BigInt","NON_NULL","curveEthereum","UsageMetricsHourlySnapshot"
"id","ID","NON_NULL","curveEthereum","Withdraw"
"hash","String","NON_NULL","curveEthereum","Withdraw"
"logIndex","Int","NON_NULL","curveEthereum","Withdraw"
"protocol","DexAmmProtocol","NON_NULL","curveEthereum","Withdraw"
"to","String","NON_NULL","curveEthereum","Withdraw"
"from","String","NON_NULL","curveEthereum","Withdraw"
"blockNumber","BigInt","NON_NULL","curveEthereum","Withdraw"
"timestamp","BigInt","NON_NULL","curveEthereum","Withdraw"
"inputTokens","Unknown","NON_NULL","curveEthereum","Withdraw"
"outputToken","Token","OBJECT","curveEthereum","Withdraw"
"inputTokenAmounts","Unknown","NON_NULL","curveEthereum","Withdraw"
"outputTokenAmount","BigInt","SCALAR","curveEthereum","Withdraw"
"amountUSD","BigDecimal","NON_NULL","curveEthereum","Withdraw"
"pool","LiquidityPool","NON_NULL","curveEthereum","Withdraw"
"hash","Bytes","SCALAR","curveEthereum","_Block_"
"number","Int","NON_NULL","curveEthereum","_Block_"
"timestamp","Int","SCALAR","curveEthereum","_Block_"
"parentHash","Bytes","SCALAR","curveEthereum","_Block_"
"id","ID","NON_NULL","curveEthereum","_CircularBuffer"
"blocks","Unknown","NON_NULL","curveEthereum","_CircularBuffer"
"windowStartIndex","Int","NON_NULL","curveEthereum","_CircularBuffer"
"nextIndex","Int","NON_NULL","curveEthereum","_CircularBuffer"
"bufferSize","Int","NON_NULL","curveEthereum","_CircularBuffer"
"blocksPerDay","BigDecimal","NON_NULL","curveEthereum","_CircularBuffer"
"id","ID","NON_NULL","curveEthereum","_LiquidityGauge"
"poolAddress","String","NON_NULL","curveEthereum","_LiquidityGauge"
"id","ID","NON_NULL","curveEthereum","_LpToken"
"poolAddress","String","NON_NULL","curveEthereum","_LpToken"
"registryAddress","String","NON_NULL","curveEthereum","_LpToken"
"block","_Block_","NON_NULL","curveEthereum","_Meta_"
"deployment","String","NON_NULL","curveEthereum","_Meta_"
"hasIndexingErrors","Boolean","NON_NULL","curveEthereum","_Meta_"