"id","ID","NON_NULL","quickswap","AlgebraDayData"
"date","Int","NON_NULL","quickswap","AlgebraDayData"
"volumeMatic","BigDecimal","NON_NULL","quickswap","AlgebraDayData"
"volumeUSD","BigDecimal","NON_NULL","quickswap","AlgebraDayData"
"volumeUSDUntracked","BigDecimal","NON_NULL","quickswap","AlgebraDayData"
"feesUSD","BigDecimal","NON_NULL","quickswap","AlgebraDayData"
"txCount","BigInt","NON_NULL","quickswap","AlgebraDayData"
"tvlUSD","BigDecimal","NON_NULL","quickswap","AlgebraDayData"
"id","ID","NON_NULL","quickswap","Bundle"
"maticPriceUSD","BigDecimal","NON_NULL","quickswap","Bundle"
"id","ID","NON_NULL","quickswap","Burn"
"transaction","Transaction","NON_NULL","quickswap","Burn"
"pool","Pool","NON_NULL","quickswap","Burn"
"token0","Token","NON_NULL","quickswap","Burn"
"token1","Token","NON_NULL","quickswap","Burn"
"timestamp","BigInt","NON_NULL","quickswap","Burn"
"owner","Bytes","SCALAR","quickswap","Burn"
"origin","Bytes","NON_NULL","quickswap","Burn"
"amount","BigInt","NON_NULL","quickswap","Burn"
"amount0","BigDecimal","NON_NULL","quickswap","Burn"
"amount1","BigDecimal","NON_NULL","quickswap","Burn"
"amountUSD","BigDecimal","SCALAR","quickswap","Burn"
"tickLower","BigInt","NON_NULL","quickswap","Burn"
"tickUpper","BigInt","NON_NULL","quickswap","Burn"
"logIndex","BigInt","SCALAR","quickswap","Burn"
"id","ID","NON_NULL","quickswap","Collect"
"transaction","Transaction","NON_NULL","quickswap","Collect"
"timestamp","BigInt","NON_NULL","quickswap","Collect"
"pool","Pool","NON_NULL","quickswap","Collect"
"owner","Bytes","SCALAR","quickswap","Collect"
"amount0","BigDecimal","NON_NULL","quickswap","Collect"
"amount1","BigDecimal","NON_NULL","quickswap","Collect"
"amountUSD","BigDecimal","SCALAR","quickswap","Collect"
"tickLower","BigInt","NON_NULL","quickswap","Collect"
"tickUpper","BigInt","NON_NULL","quickswap","Collect"
"logIndex","BigInt","SCALAR","quickswap","Collect"
"id","ID","NON_NULL","quickswap","Factory"
"poolCount","BigInt","NON_NULL","quickswap","Factory"
"txCount","BigInt","NON_NULL","quickswap","Factory"
"totalVolumeUSD","BigDecimal","NON_NULL","quickswap","Factory"
"totalVolumeMatic","BigDecimal","NON_NULL","quickswap","Factory"
"totalFeesUSD","BigDecimal","NON_NULL","quickswap","Factory"
"totalFeesMatic","BigDecimal","NON_NULL","quickswap","Factory"
"untrackedVolumeUSD","BigDecimal","NON_NULL","quickswap","Factory"
"totalValueLockedUSD","BigDecimal","NON_NULL","quickswap","Factory"
"totalValueLockedMatic","BigDecimal","NON_NULL","quickswap","Factory"
"totalValueLockedUSDUntracked","BigDecimal","NON_NULL","quickswap","Factory"
"totalValueLockedMaticUntracked","BigDecimal","NON_NULL","quickswap","Factory"
"owner","ID","NON_NULL","quickswap","Factory"
"id","ID","NON_NULL","quickswap","FeeHourData"
"pool","String","NON_NULL","quickswap","FeeHourData"
"fee","BigInt","NON_NULL","quickswap","FeeHourData"
"changesCount","BigInt","NON_NULL","quickswap","FeeHourData"
"timestamp","BigInt","NON_NULL","quickswap","FeeHourData"
"minFee","BigInt","NON_NULL","quickswap","FeeHourData"
"maxFee","BigInt","NON_NULL","quickswap","FeeHourData"
"startFee","BigInt","NON_NULL","quickswap","FeeHourData"
"endFee","BigInt","NON_NULL","quickswap","FeeHourData"
"id","ID","NON_NULL","quickswap","Flash"
"transaction","Transaction","NON_NULL","quickswap","Flash"
"timestamp","BigInt","NON_NULL","quickswap","Flash"
"pool","Pool","NON_NULL","quickswap","Flash"
"sender","Bytes","NON_NULL","quickswap","Flash"
"recipient","Bytes","NON_NULL","quickswap","Flash"
"amount0","BigDecimal","NON_NULL","quickswap","Flash"
"amount1","BigDecimal","NON_NULL","quickswap","Flash"
"amountUSD","BigDecimal","NON_NULL","quickswap","Flash"
"amount0Paid","BigDecimal","NON_NULL","quickswap","Flash"
"amount1Paid","BigDecimal","NON_NULL","quickswap","Flash"
"logIndex","BigInt","SCALAR","quickswap","Flash"
"id","ID","NON_NULL","quickswap","Mint"
"transaction","Transaction","NON_NULL","quickswap","Mint"
"timestamp","BigInt","NON_NULL","quickswap","Mint"
"pool","Pool","NON_NULL","quickswap","Mint"
"token0","Token","NON_NULL","quickswap","Mint"
"token1","Token","NON_NULL","quickswap","Mint"
"owner","Bytes","NON_NULL","quickswap","Mint"
"sender","Bytes","SCALAR","quickswap","Mint"
"origin","Bytes","NON_NULL","quickswap","Mint"
"amount","BigInt","NON_NULL","quickswap","Mint"
"amount0","BigDecimal","NON_NULL","quickswap","Mint"
"amount1","BigDecimal","NON_NULL","quickswap","Mint"
"amountUSD","BigDecimal","SCALAR","quickswap","Mint"
"tickLower","BigInt","NON_NULL","quickswap","Mint"
"tickUpper","BigInt","NON_NULL","quickswap","Mint"
"logIndex","BigInt","SCALAR","quickswap","Mint"
"id","ID","NON_NULL","quickswap","Pool"
"createdAtTimestamp","BigInt","NON_NULL","quickswap","Pool"
"createdAtBlockNumber","BigInt","NON_NULL","quickswap","Pool"
"token0","Token","NON_NULL","quickswap","Pool"
"token1","Token","NON_NULL","quickswap","Pool"
"fee","BigInt","NON_NULL","quickswap","Pool"
"communityFee0","BigInt","NON_NULL","quickswap","Pool"
"communityFee1","BigInt","NON_NULL","quickswap","Pool"
"liquidity","BigInt","NON_NULL","quickswap","Pool"
"sqrtPrice","BigInt","NON_NULL","quickswap","Pool"
"feeGrowthGlobal0X128","BigInt","NON_NULL","quickswap","Pool"
"feeGrowthGlobal1X128","BigInt","NON_NULL","quickswap","Pool"
"token0Price","BigDecimal","NON_NULL","quickswap","Pool"
"token1Price","BigDecimal","NON_NULL","quickswap","Pool"
"tick","BigInt","NON_NULL","quickswap","Pool"
"observationIndex","BigInt","NON_NULL","quickswap","Pool"
"volumeToken0","BigDecimal","NON_NULL","quickswap","Pool"
"volumeToken1","BigDecimal","NON_NULL","quickswap","Pool"
"volumeUSD","BigDecimal","NON_NULL","quickswap","Pool"
"untrackedVolumeUSD","BigDecimal","NON_NULL","quickswap","Pool"
"feesUSD","BigDecimal","NON_NULL","quickswap","Pool"
"untrackedFeesUSD","BigDecimal","NON_NULL","quickswap","Pool"
"txCount","BigInt","NON_NULL","quickswap","Pool"
"collectedFeesToken0","BigDecimal","NON_NULL","quickswap","Pool"
"collectedFeesToken1","BigDecimal","NON_NULL","quickswap","Pool"
"collectedFeesUSD","BigDecimal","NON_NULL","quickswap","Pool"
"totalValueLockedToken0","BigDecimal","NON_NULL","quickswap","Pool"
"totalValueLockedToken1","BigDecimal","NON_NULL","quickswap","Pool"
"feesToken0","BigDecimal","NON_NULL","quickswap","Pool"
"feesToken1","BigDecimal","NON_NULL","quickswap","Pool"
"totalValueLockedMatic","BigDecimal","NON_NULL","quickswap","Pool"
"totalValueLockedUSD","BigDecimal","NON_NULL","quickswap","Pool"
"totalValueLockedUSDUntracked","BigDecimal","NON_NULL","quickswap","Pool"
"liquidityProviderCount","BigInt","NON_NULL","quickswap","Pool"
"poolHourData","Unknown","NON_NULL","quickswap","Pool"
"poolDayData","Unknown","NON_NULL","quickswap","Pool"
"mints","Unknown","NON_NULL","quickswap","Pool"
"burns","Unknown","NON_NULL","quickswap","Pool"
"swaps","Unknown","NON_NULL","quickswap","Pool"
"collects","Unknown","NON_NULL","quickswap","Pool"
"ticks","Unknown","NON_NULL","quickswap","Pool"
"id","ID","NON_NULL","quickswap","PoolDayData"
"date","Int","NON_NULL","quickswap","PoolDayData"
"pool","Pool","NON_NULL","quickswap","PoolDayData"
"liquidity","BigInt","NON_NULL","quickswap","PoolDayData"
"sqrtPrice","BigInt","NON_NULL","quickswap","PoolDayData"
"untrackedVolumeUSD","BigDecimal","NON_NULL","quickswap","PoolDayData"
"token0Price","BigDecimal","NON_NULL","quickswap","PoolDayData"
"token1Price","BigDecimal","NON_NULL","quickswap","PoolDayData"
"tick","BigInt","SCALAR","quickswap","PoolDayData"
"feeGrowthGlobal0X128","BigInt","NON_NULL","quickswap","PoolDayData"
"feeGrowthGlobal1X128","BigInt","NON_NULL","quickswap","PoolDayData"
"tvlUSD","BigDecimal","NON_NULL","quickswap","PoolDayData"
"feesToken0","BigDecimal","NON_NULL","quickswap","PoolDayData"
"feesToken1","BigDecimal","NON_NULL","quickswap","PoolDayData"
"volumeToken0","BigDecimal","NON_NULL","quickswap","PoolDayData"
"volumeToken1","BigDecimal","NON_NULL","quickswap","PoolDayData"
"volumeUSD","BigDecimal","NON_NULL","quickswap","PoolDayData"
"feesUSD","BigDecimal","NON_NULL","quickswap","PoolDayData"
"txCount","BigInt","NON_NULL","quickswap","PoolDayData"
"open","BigDecimal","NON_NULL","quickswap","PoolDayData"
"high","BigDecimal","NON_NULL","quickswap","PoolDayData"
"low","BigDecimal","NON_NULL","quickswap","PoolDayData"
"close","BigDecimal","NON_NULL","quickswap","PoolDayData"
"id","ID","NON_NULL","quickswap","PoolFeeData"
"pool","String","SCALAR","quickswap","PoolFeeData"
"timestamp","BigInt","NON_NULL","quickswap","PoolFeeData"
"fee","BigInt","NON_NULL","quickswap","PoolFeeData"
"id","ID","NON_NULL","quickswap","PoolHourData"
"periodStartUnix","Int","NON_NULL","quickswap","PoolHourData"
"pool","Pool","NON_NULL","quickswap","PoolHourData"
"liquidity","BigInt","NON_NULL","quickswap","PoolHourData"
"sqrtPrice","BigInt","NON_NULL","quickswap","PoolHourData"
"token0Price","BigDecimal","NON_NULL","quickswap","PoolHourData"
"token1Price","BigDecimal","NON_NULL","quickswap","PoolHourData"
"tick","BigInt","SCALAR","quickswap","PoolHourData"
"feeGrowthGlobal0X128","BigInt","NON_NULL","quickswap","PoolHourData"
"feeGrowthGlobal1X128","BigInt","NON_NULL","quickswap","PoolHourData"
"tvlUSD","BigDecimal","NON_NULL","quickswap","PoolHourData"
"volumeToken0","BigDecimal","NON_NULL","quickswap","PoolHourData"
"volumeToken1","BigDecimal","NON_NULL","quickswap","PoolHourData"
"volumeUSD","BigDecimal","NON_NULL","quickswap","PoolHourData"
"feesUSD","BigDecimal","NON_NULL","quickswap","PoolHourData"
"untrackedVolumeUSD","BigDecimal","NON_NULL","quickswap","PoolHourData"
"txCount","BigInt","NON_NULL","quickswap","PoolHourData"
"open","BigDecimal","NON_NULL","quickswap","PoolHourData"
"high","BigDecimal","NON_NULL","quickswap","PoolHourData"
"low","BigDecimal","NON_NULL","quickswap","PoolHourData"
"close","BigDecimal","NON_NULL","quickswap","PoolHourData"
"id","ID","NON_NULL","quickswap","Position"
"owner","Bytes","NON_NULL","quickswap","Position"
"pool","Pool","NON_NULL","quickswap","Position"
"token0","Token","NON_NULL","quickswap","Position"
"token1","Token","NON_NULL","quickswap","Position"
"tickLower","Tick","NON_NULL","quickswap","Position"
"tickUpper","Tick","NON_NULL","quickswap","Position"
"liquidity","BigInt","NON_NULL","quickswap","Position"
"depositedToken0","BigDecimal","NON_NULL","quickswap","Position"
"depositedToken1","BigDecimal","NON_NULL","quickswap","Position"
"withdrawnToken0","BigDecimal","NON_NULL","quickswap","Position"
"withdrawnToken1","BigDecimal","NON_NULL","quickswap","Position"
"collectedToken0","BigDecimal","NON_NULL","quickswap","Position"
"collectedToken1","BigDecimal","NON_NULL","quickswap","Position"
"collectedFeesToken0","BigDecimal","NON_NULL","quickswap","Position"
"collectedFeesToken1","BigDecimal","NON_NULL","quickswap","Position"
"transaction","Transaction","NON_NULL","quickswap","Position"
"feeGrowthInside0LastX128","BigInt","NON_NULL","quickswap","Position"
"feeGrowthInside1LastX128","BigInt","NON_NULL","quickswap","Position"
"token0Tvl","BigDecimal","SCALAR","quickswap","Position"
"token1Tvl","BigDecimal","SCALAR","quickswap","Position"
"id","ID","NON_NULL","quickswap","PositionSnapshot"
"owner","Bytes","NON_NULL","quickswap","PositionSnapshot"
"pool","Pool","NON_NULL","quickswap","PositionSnapshot"
"position","Position","NON_NULL","quickswap","PositionSnapshot"
"blockNumber","BigInt","NON_NULL","quickswap","PositionSnapshot"
"timestamp","BigInt","NON_NULL","quickswap","PositionSnapshot"
"liquidity","BigInt","NON_NULL","quickswap","PositionSnapshot"
"depositedToken0","BigDecimal","NON_NULL","quickswap","PositionSnapshot"
"depositedToken1","BigDecimal","NON_NULL","quickswap","PositionSnapshot"
"withdrawnToken0","BigDecimal","NON_NULL","quickswap","PositionSnapshot"
"withdrawnToken1","BigDecimal","NON_NULL","quickswap","PositionSnapshot"
"collectedFeesToken0","BigDecimal","NON_NULL","quickswap","PositionSnapshot"
"collectedFeesToken1","BigDecimal","NON_NULL","quickswap","PositionSnapshot"
"transaction","Transaction","NON_NULL","quickswap","PositionSnapshot"
"feeGrowthInside0LastX128","BigInt","NON_NULL","quickswap","PositionSnapshot"
"feeGrowthInside1LastX128","BigInt","NON_NULL","quickswap","PositionSnapshot"
"factory","Factory","OBJECT","quickswap","Query"
"factories","Unknown","NON_NULL","quickswap","Query"
"bundle","Bundle","OBJECT","quickswap","Query"
"bundles","Unknown","NON_NULL","quickswap","Query"
"token","Token","OBJECT","quickswap","Query"
"tokens","Unknown","NON_NULL","quickswap","Query"
"pool","Pool","OBJECT","quickswap","Query"
"pools","Unknown","NON_NULL","quickswap","Query"
"tick","Tick","OBJECT","quickswap","Query"
"ticks","Unknown","NON_NULL","quickswap","Query"
"position","Position","OBJECT","quickswap","Query"
"positions","Unknown","NON_NULL","quickswap","Query"
"positionSnapshot","PositionSnapshot","OBJECT","quickswap","Query"
"positionSnapshots","Unknown","NON_NULL","quickswap","Query"
"transaction","Transaction","OBJECT","quickswap","Query"
"transactions","Unknown","NON_NULL","quickswap","Query"
"mint","Mint","OBJECT","quickswap","Query"
"mints","Unknown","NON_NULL","quickswap","Query"
"burn","Burn","OBJECT","quickswap","Query"
"burns","Unknown","NON_NULL","quickswap","Query"
"swap","Swap","OBJECT","quickswap","Query"
"swaps","Unknown","NON_NULL","quickswap","Query"
"collect","Collect","OBJECT","quickswap","Query"
"collects","Unknown","NON_NULL","quickswap","Query"
"flash","Flash","OBJECT","quickswap","Query"
"flashes","Unknown","NON_NULL","quickswap","Query"
"algebraDayData","AlgebraDayData","OBJECT","quickswap","Query"
"algebraDayDatas","Unknown","NON_NULL","quickswap","Query"
"poolDayData","PoolDayData","OBJECT","quickswap","Query"
"poolDayDatas","Unknown","NON_NULL","quickswap","Query"
"poolFeeData","PoolFeeData","OBJECT","quickswap","Query"
"poolFeeDatas","Unknown","NON_NULL","quickswap","Query"
"poolHourData","PoolHourData","OBJECT","quickswap","Query"
"poolHourDatas","Unknown","NON_NULL","quickswap","Query"
"tickHourData","TickHourData","OBJECT","quickswap","Query"
"tickHourDatas","Unknown","NON_NULL","quickswap","Query"
"tickDayData","TickDayData","OBJECT","quickswap","Query"
"tickDayDatas","Unknown","NON_NULL","quickswap","Query"
"tokenDayData","TokenDayData","OBJECT","quickswap","Query"
"tokenDayDatas","Unknown","NON_NULL","quickswap","Query"
"tokenHourData","TokenHourData","OBJECT","quickswap","Query"
"tokenHourDatas","Unknown","NON_NULL","quickswap","Query"
"feeHourData","FeeHourData","OBJECT","quickswap","Query"
"feeHourDatas","Unknown","NON_NULL","quickswap","Query"
"_meta","_Meta_","OBJECT","quickswap","Query"
"factory","Factory","OBJECT","quickswap","Subscription"
"factories","Unknown","NON_NULL","quickswap","Subscription"
"bundle","Bundle","OBJECT","quickswap","Subscription"
"bundles","Unknown","NON_NULL","quickswap","Subscription"
"token","Token","OBJECT","quickswap","Subscription"
"tokens","Unknown","NON_NULL","quickswap","Subscription"
"pool","Pool","OBJECT","quickswap","Subscription"
"pools","Unknown","NON_NULL","quickswap","Subscription"
"tick","Tick","OBJECT","quickswap","Subscription"
"ticks","Unknown","NON_NULL","quickswap","Subscription"
"position","Position","OBJECT","quickswap","Subscription"
"positions","Unknown","NON_NULL","quickswap","Subscription"
"positionSnapshot","PositionSnapshot","OBJECT","quickswap","Subscription"
"positionSnapshots","Unknown","NON_NULL","quickswap","Subscription"
"transaction","Transaction","OBJECT","quickswap","Subscription"
"transactions","Unknown","NON_NULL","quickswap","Subscription"
"mint","Mint","OBJECT","quickswap","Subscription"
"mints","Unknown","NON_NULL","quickswap","Subscription"
"burn","Burn","OBJECT","quickswap","Subscription"
"burns","Unknown","NON_NULL","quickswap","Subscription"
"swap","Swap","OBJECT","quickswap","Subscription"
"swaps","Unknown","NON_NULL","quickswap","Subscription"
"collect","Collect","OBJECT","quickswap","Subscription"
"collects","Unknown","NON_NULL","quickswap","Subscription"
"flash","Flash","OBJECT","quickswap","Subscription"
"flashes","Unknown","NON_NULL","quickswap","Subscription"
"algebraDayData","AlgebraDayData","OBJECT","quickswap","Subscription"
"algebraDayDatas","Unknown","NON_NULL","quickswap","Subscription"
"poolDayData","PoolDayData","OBJECT","quickswap","Subscription"
"poolDayDatas","Unknown","NON_NULL","quickswap","Subscription"
"poolFeeData","PoolFeeData","OBJECT","quickswap","Subscription"
"poolFeeDatas","Unknown","NON_NULL","quickswap","Subscription"
"poolHourData","PoolHourData","OBJECT","quickswap","Subscription"
"poolHourDatas","Unknown","NON_NULL","quickswap","Subscription"
"tickHourData","TickHourData","OBJECT","quickswap","Subscription"
"tickHourDatas","Unknown","NON_NULL","quickswap","Subscription"
"tickDayData","TickDayData","OBJECT","quickswap","Subscription"
"tickDayDatas","Unknown","NON_NULL","quickswap","Subscription"
"tokenDayData","TokenDayData","OBJECT","quickswap","Subscription"
"tokenDayDatas","Unknown","NON_NULL","quickswap","Subscription"
"tokenHourData","TokenHourData","OBJECT","quickswap","Subscription"
"tokenHourDatas","Unknown","NON_NULL","quickswap","Subscription"
"feeHourData","FeeHourData","OBJECT","quickswap","Subscription"
"feeHourDatas","Unknown","NON_NULL","quickswap","Subscription"
"_meta","_Meta_","OBJECT","quickswap","Subscription"
"id","ID","NON_NULL","quickswap","Swap"
"transaction","Transaction","NON_NULL","quickswap","Swap"
"timestamp","BigInt","NON_NULL","quickswap","Swap"
"pool","Pool","NON_NULL","quickswap","Swap"
"token0","Token","NON_NULL","quickswap","Swap"
"token1","Token","NON_NULL","quickswap","Swap"
"sender","Bytes","NON_NULL","quickswap","Swap"
"recipient","Bytes","NON_NULL","quickswap","Swap"
"liquidity","BigInt","NON_NULL","quickswap","Swap"
"origin","Bytes","NON_NULL","quickswap","Swap"
"amount0","BigDecimal","NON_NULL","quickswap","Swap"
"amount1","BigDecimal","NON_NULL","quickswap","Swap"
"amountUSD","BigDecimal","NON_NULL","quickswap","Swap"
"price","BigInt","NON_NULL","quickswap","Swap"
"tick","BigInt","NON_NULL","quickswap","Swap"
"logIndex","BigInt","SCALAR","quickswap","Swap"
"id","ID","NON_NULL","quickswap","Tick"
"poolAddress","String","SCALAR","quickswap","Tick"
"tickIdx","BigInt","NON_NULL","quickswap","Tick"
"pool","Pool","NON_NULL","quickswap","Tick"
"liquidityGross","BigInt","NON_NULL","quickswap","Tick"
"liquidityNet","BigInt","NON_NULL","quickswap","Tick"
"price0","BigDecimal","NON_NULL","quickswap","Tick"
"price1","BigDecimal","NON_NULL","quickswap","Tick"
"volumeToken0","BigDecimal","NON_NULL","quickswap","Tick"
"volumeToken1","BigDecimal","NON_NULL","quickswap","Tick"
"volumeUSD","BigDecimal","NON_NULL","quickswap","Tick"
"untrackedVolumeUSD","BigDecimal","NON_NULL","quickswap","Tick"
"feesUSD","BigDecimal","NON_NULL","quickswap","Tick"
"collectedFeesToken0","BigDecimal","NON_NULL","quickswap","Tick"
"collectedFeesToken1","BigDecimal","NON_NULL","quickswap","Tick"
"collectedFeesUSD","BigDecimal","NON_NULL","quickswap","Tick"
"createdAtTimestamp","BigInt","NON_NULL","quickswap","Tick"
"createdAtBlockNumber","BigInt","NON_NULL","quickswap","Tick"
"liquidityProviderCount","BigInt","NON_NULL","quickswap","Tick"
"feeGrowthOutside0X128","BigInt","NON_NULL","quickswap","Tick"
"feeGrowthOutside1X128","BigInt","NON_NULL","quickswap","Tick"
"id","ID","NON_NULL","quickswap","TickDayData"
"date","Int","NON_NULL","quickswap","TickDayData"
"pool","Pool","NON_NULL","quickswap","TickDayData"
"tick","Tick","NON_NULL","quickswap","TickDayData"
"liquidityGross","BigInt","NON_NULL","quickswap","TickDayData"
"liquidityNet","BigInt","NON_NULL","quickswap","TickDayData"
"volumeToken0","BigDecimal","NON_NULL","quickswap","TickDayData"
"volumeToken1","BigDecimal","NON_NULL","quickswap","TickDayData"
"volumeUSD","BigDecimal","NON_NULL","quickswap","TickDayData"
"feesUSD","BigDecimal","NON_NULL","quickswap","TickDayData"
"feeGrowthOutside0X128","BigInt","NON_NULL","quickswap","TickDayData"
"feeGrowthOutside1X128","BigInt","NON_NULL","quickswap","TickDayData"
"id","ID","NON_NULL","quickswap","TickHourData"
"periodStartUnix","Int","NON_NULL","quickswap","TickHourData"
"pool","Pool","NON_NULL","quickswap","TickHourData"
"tick","Tick","NON_NULL","quickswap","TickHourData"
"liquidityGross","BigInt","NON_NULL","quickswap","TickHourData"
"liquidityNet","BigInt","NON_NULL","quickswap","TickHourData"
"volumeToken0","BigDecimal","NON_NULL","quickswap","TickHourData"
"volumeToken1","BigDecimal","NON_NULL","quickswap","TickHourData"
"volumeUSD","BigDecimal","NON_NULL","quickswap","TickHourData"
"feesUSD","BigDecimal","NON_NULL","quickswap","TickHourData"
"id","ID","NON_NULL","quickswap","Token"
"symbol","String","NON_NULL","quickswap","Token"
"name","String","NON_NULL","quickswap","Token"
"decimals","BigInt","NON_NULL","quickswap","Token"
"totalSupply","BigInt","NON_NULL","quickswap","Token"
"volume","BigDecimal","NON_NULL","quickswap","Token"
"volumeUSD","BigDecimal","NON_NULL","quickswap","Token"
"untrackedVolumeUSD","BigDecimal","NON_NULL","quickswap","Token"
"feesUSD","BigDecimal","NON_NULL","quickswap","Token"
"txCount","BigInt","NON_NULL","quickswap","Token"
"poolCount","BigInt","NON_NULL","quickswap","Token"
"totalValueLocked","BigDecimal","NON_NULL","quickswap","Token"
"totalValueLockedUSD","BigDecimal","NON_NULL","quickswap","Token"
"totalValueLockedUSDUntracked","BigDecimal","NON_NULL","quickswap","Token"
"derivedMatic","BigDecimal","NON_NULL","quickswap","Token"
"whitelistPools","Unknown","NON_NULL","quickswap","Token"
"tokenDayData","Unknown","NON_NULL","quickswap","Token"
"id","ID","NON_NULL","quickswap","TokenDayData"
"date","Int","NON_NULL","quickswap","TokenDayData"
"token","Token","NON_NULL","quickswap","TokenDayData"
"volume","BigDecimal","NON_NULL","quickswap","TokenDayData"
"volumeUSD","BigDecimal","NON_NULL","quickswap","TokenDayData"
"untrackedVolumeUSD","BigDecimal","NON_NULL","quickswap","TokenDayData"
"totalValueLocked","BigDecimal","NON_NULL","quickswap","TokenDayData"
"totalValueLockedUSD","BigDecimal","NON_NULL","quickswap","TokenDayData"
"priceUSD","BigDecimal","NON_NULL","quickswap","TokenDayData"
"feesUSD","BigDecimal","NON_NULL","quickswap","TokenDayData"
"open","BigDecimal","NON_NULL","quickswap","TokenDayData"
"high","BigDecimal","NON_NULL","quickswap","TokenDayData"
"low","BigDecimal","NON_NULL","quickswap","TokenDayData"
"close","BigDecimal","NON_NULL","quickswap","TokenDayData"
"id","ID","NON_NULL","quickswap","TokenHourData"
"periodStartUnix","Int","NON_NULL","quickswap","TokenHourData"
"token","Token","NON_NULL","quickswap","TokenHourData"
"volume","BigDecimal","NON_NULL","quickswap","TokenHourData"
"volumeUSD","BigDecimal","NON_NULL","quickswap","TokenHourData"
"untrackedVolumeUSD","BigDecimal","NON_NULL","quickswap","TokenHourData"
"totalValueLocked","BigDecimal","NON_NULL","quickswap","TokenHourData"
"totalValueLockedUSD","BigDecimal","NON_NULL","quickswap","TokenHourData"
"priceUSD","BigDecimal","NON_NULL","quickswap","TokenHourData"
"feesUSD","BigDecimal","NON_NULL","quickswap","TokenHourData"
"open","BigDecimal","NON_NULL","quickswap","TokenHourData"
"high","BigDecimal","NON_NULL","quickswap","TokenHourData"
"low","BigDecimal","NON_NULL","quickswap","TokenHourData"
"close","BigDecimal","NON_NULL","quickswap","TokenHourData"
"id","ID","NON_NULL","quickswap","Transaction"
"blockNumber","BigInt","NON_NULL","quickswap","Transaction"
"timestamp","BigInt","NON_NULL","quickswap","Transaction"
"gasLimit","BigInt","NON_NULL","quickswap","Transaction"
"gasPrice","BigInt","NON_NULL","quickswap","Transaction"
"mints","Unknown","NON_NULL","quickswap","Transaction"
"burns","Unknown","NON_NULL","quickswap","Transaction"
"swaps","Unknown","NON_NULL","quickswap","Transaction"
"flashed","Unknown","NON_NULL","quickswap","Transaction"
"collects","Unknown","NON_NULL","quickswap","Transaction"
"hash","Bytes","SCALAR","quickswap","_Block_"
"number","Int","NON_NULL","quickswap","_Block_"
"timestamp","Int","SCALAR","quickswap","_Block_"
"parentHash","Bytes","SCALAR","quickswap","_Block_"
"block","_Block_","NON_NULL","quickswap","_Meta_"
"deployment","String","NON_NULL","quickswap","_Meta_"
"hasIndexingErrors","Boolean","NON_NULL","quickswap","_Meta_"