"id","ID","NON_NULL","uniswap","Bundle"
"ethPriceUSD","BigDecimal","NON_NULL","uniswap","Bundle"
"id","ID","NON_NULL","uniswap","Burn"
"transaction","Transaction","NON_NULL","uniswap","Burn"
"pool","Pool","NON_NULL","uniswap","Burn"
"token0","Token","NON_NULL","uniswap","Burn"
"token1","Token","NON_NULL","uniswap","Burn"
"timestamp","BigInt","NON_NULL","uniswap","Burn"
"owner","Bytes","SCALAR","uniswap","Burn"
"origin","Bytes","NON_NULL","uniswap","Burn"
"amount","BigInt","NON_NULL","uniswap","Burn"
"amount0","BigDecimal","NON_NULL","uniswap","Burn"
"amount1","BigDecimal","NON_NULL","uniswap","Burn"
"amountUSD","BigDecimal","SCALAR","uniswap","Burn"
"tickLower","BigInt","NON_NULL","uniswap","Burn"
"tickUpper","BigInt","NON_NULL","uniswap","Burn"
"logIndex","BigInt","SCALAR","uniswap","Burn"
"id","ID","NON_NULL","uniswap","Collect"
"transaction","Transaction","NON_NULL","uniswap","Collect"
"timestamp","BigInt","NON_NULL","uniswap","Collect"
"pool","Pool","NON_NULL","uniswap","Collect"
"owner","Bytes","SCALAR","uniswap","Collect"
"amount0","BigDecimal","NON_NULL","uniswap","Collect"
"amount1","BigDecimal","NON_NULL","uniswap","Collect"
"amountUSD","BigDecimal","SCALAR","uniswap","Collect"
"tickLower","BigInt","NON_NULL","uniswap","Collect"
"tickUpper","BigInt","NON_NULL","uniswap","Collect"
"logIndex","BigInt","SCALAR","uniswap","Collect"
"id","ID","NON_NULL","uniswap","Factory"
"poolCount","BigInt","NON_NULL","uniswap","Factory"
"txCount","BigInt","NON_NULL","uniswap","Factory"
"totalVolumeUSD","BigDecimal","NON_NULL","uniswap","Factory"
"totalVolumeETH","BigDecimal","NON_NULL","uniswap","Factory"
"totalFeesUSD","BigDecimal","NON_NULL","uniswap","Factory"
"totalFeesETH","BigDecimal","NON_NULL","uniswap","Factory"
"untrackedVolumeUSD","BigDecimal","NON_NULL","uniswap","Factory"
"totalValueLockedUSD","BigDecimal","NON_NULL","uniswap","Factory"
"totalValueLockedETH","BigDecimal","NON_NULL","uniswap","Factory"
"totalValueLockedUSDUntracked","BigDecimal","NON_NULL","uniswap","Factory"
"totalValueLockedETHUntracked","BigDecimal","NON_NULL","uniswap","Factory"
"owner","ID","NON_NULL","uniswap","Factory"
"id","ID","NON_NULL","uniswap","Flash"
"transaction","Transaction","NON_NULL","uniswap","Flash"
"timestamp","BigInt","NON_NULL","uniswap","Flash"
"pool","Pool","NON_NULL","uniswap","Flash"
"sender","Bytes","NON_NULL","uniswap","Flash"
"recipient","Bytes","NON_NULL","uniswap","Flash"
"amount0","BigDecimal","NON_NULL","uniswap","Flash"
"amount1","BigDecimal","NON_NULL","uniswap","Flash"
"amountUSD","BigDecimal","NON_NULL","uniswap","Flash"
"amount0Paid","BigDecimal","NON_NULL","uniswap","Flash"
"amount1Paid","BigDecimal","NON_NULL","uniswap","Flash"
"logIndex","BigInt","SCALAR","uniswap","Flash"
"id","ID","NON_NULL","uniswap","Mint"
"transaction","Transaction","NON_NULL","uniswap","Mint"
"timestamp","BigInt","NON_NULL","uniswap","Mint"
"pool","Pool","NON_NULL","uniswap","Mint"
"token0","Token","NON_NULL","uniswap","Mint"
"token1","Token","NON_NULL","uniswap","Mint"
"owner","Bytes","NON_NULL","uniswap","Mint"
"sender","Bytes","SCALAR","uniswap","Mint"
"origin","Bytes","NON_NULL","uniswap","Mint"
"amount","BigInt","NON_NULL","uniswap","Mint"
"amount0","BigDecimal","NON_NULL","uniswap","Mint"
"amount1","BigDecimal","NON_NULL","uniswap","Mint"
"amountUSD","BigDecimal","SCALAR","uniswap","Mint"
"tickLower","BigInt","NON_NULL","uniswap","Mint"
"tickUpper","BigInt","NON_NULL","uniswap","Mint"
"logIndex","BigInt","SCALAR","uniswap","Mint"
"id","ID","NON_NULL","uniswap","Pool"
"createdAtTimestamp","BigInt","NON_NULL","uniswap","Pool"
"createdAtBlockNumber","BigInt","NON_NULL","uniswap","Pool"
"token0","Token","NON_NULL","uniswap","Pool"
"token1","Token","NON_NULL","uniswap","Pool"
"feeTier","BigInt","NON_NULL","uniswap","Pool"
"liquidity","BigInt","NON_NULL","uniswap","Pool"
"sqrtPrice","BigInt","NON_NULL","uniswap","Pool"
"feeGrowthGlobal0X128","BigInt","NON_NULL","uniswap","Pool"
"feeGrowthGlobal1X128","BigInt","NON_NULL","uniswap","Pool"
"token0Price","BigDecimal","NON_NULL","uniswap","Pool"
"token1Price","BigDecimal","NON_NULL","uniswap","Pool"
"tick","BigInt","SCALAR","uniswap","Pool"
"observationIndex","BigInt","NON_NULL","uniswap","Pool"
"volumeToken0","BigDecimal","NON_NULL","uniswap","Pool"
"volumeToken1","BigDecimal","NON_NULL","uniswap","Pool"
"volumeUSD","BigDecimal","NON_NULL","uniswap","Pool"
"untrackedVolumeUSD","BigDecimal","NON_NULL","uniswap","Pool"
"feesUSD","BigDecimal","NON_NULL","uniswap","Pool"
"txCount","BigInt","NON_NULL","uniswap","Pool"
"collectedFeesToken0","BigDecimal","NON_NULL","uniswap","Pool"
"collectedFeesToken1","BigDecimal","NON_NULL","uniswap","Pool"
"collectedFeesUSD","BigDecimal","NON_NULL","uniswap","Pool"
"totalValueLockedToken0","BigDecimal","NON_NULL","uniswap","Pool"
"totalValueLockedToken1","BigDecimal","NON_NULL","uniswap","Pool"
"totalValueLockedETH","BigDecimal","NON_NULL","uniswap","Pool"
"totalValueLockedUSD","BigDecimal","NON_NULL","uniswap","Pool"
"totalValueLockedUSDUntracked","BigDecimal","NON_NULL","uniswap","Pool"
"liquidityProviderCount","BigInt","NON_NULL","uniswap","Pool"
"poolHourData","Unknown","NON_NULL","uniswap","Pool"
"poolDayData","Unknown","NON_NULL","uniswap","Pool"
"mints","Unknown","NON_NULL","uniswap","Pool"
"burns","Unknown","NON_NULL","uniswap","Pool"
"swaps","Unknown","NON_NULL","uniswap","Pool"
"collects","Unknown","NON_NULL","uniswap","Pool"
"ticks","Unknown","NON_NULL","uniswap","Pool"
"id","ID","NON_NULL","uniswap","PoolDayData"
"date","Int","NON_NULL","uniswap","PoolDayData"
"pool","Pool","NON_NULL","uniswap","PoolDayData"
"liquidity","BigInt","NON_NULL","uniswap","PoolDayData"
"sqrtPrice","BigInt","NON_NULL","uniswap","PoolDayData"
"token0Price","BigDecimal","NON_NULL","uniswap","PoolDayData"
"token1Price","BigDecimal","NON_NULL","uniswap","PoolDayData"
"tick","BigInt","SCALAR","uniswap","PoolDayData"
"feeGrowthGlobal0X128","BigInt","NON_NULL","uniswap","PoolDayData"
"feeGrowthGlobal1X128","BigInt","NON_NULL","uniswap","PoolDayData"
"tvlUSD","BigDecimal","NON_NULL","uniswap","PoolDayData"
"volumeToken0","BigDecimal","NON_NULL","uniswap","PoolDayData"
"volumeToken1","BigDecimal","NON_NULL","uniswap","PoolDayData"
"volumeUSD","BigDecimal","NON_NULL","uniswap","PoolDayData"
"feesUSD","BigDecimal","NON_NULL","uniswap","PoolDayData"
"txCount","BigInt","NON_NULL","uniswap","PoolDayData"
"open","BigDecimal","NON_NULL","uniswap","PoolDayData"
"high","BigDecimal","NON_NULL","uniswap","PoolDayData"
"low","BigDecimal","NON_NULL","uniswap","PoolDayData"
"close","BigDecimal","NON_NULL","uniswap","PoolDayData"
"id","ID","NON_NULL","uniswap","PoolHourData"
"periodStartUnix","Int","NON_NULL","uniswap","PoolHourData"
"pool","Pool","NON_NULL","uniswap","PoolHourData"
"liquidity","BigInt","NON_NULL","uniswap","PoolHourData"
"sqrtPrice","BigInt","NON_NULL","uniswap","PoolHourData"
"token0Price","BigDecimal","NON_NULL","uniswap","PoolHourData"
"token1Price","BigDecimal","NON_NULL","uniswap","PoolHourData"
"tick","BigInt","SCALAR","uniswap","PoolHourData"
"feeGrowthGlobal0X128","BigInt","NON_NULL","uniswap","PoolHourData"
"feeGrowthGlobal1X128","BigInt","NON_NULL","uniswap","PoolHourData"
"tvlUSD","BigDecimal","NON_NULL","uniswap","PoolHourData"
"volumeToken0","BigDecimal","NON_NULL","uniswap","PoolHourData"
"volumeToken1","BigDecimal","NON_NULL","uniswap","PoolHourData"
"volumeUSD","BigDecimal","NON_NULL","uniswap","PoolHourData"
"feesUSD","BigDecimal","NON_NULL","uniswap","PoolHourData"
"txCount","BigInt","NON_NULL","uniswap","PoolHourData"
"open","BigDecimal","NON_NULL","uniswap","PoolHourData"
"high","BigDecimal","NON_NULL","uniswap","PoolHourData"
"low","BigDecimal","NON_NULL","uniswap","PoolHourData"
"close","BigDecimal","NON_NULL","uniswap","PoolHourData"
"id","ID","NON_NULL","uniswap","Position"
"owner","Bytes","NON_NULL","uniswap","Position"
"pool","Pool","NON_NULL","uniswap","Position"
"token0","Token","NON_NULL","uniswap","Position"
"token1","Token","NON_NULL","uniswap","Position"
"tickLower","Tick","NON_NULL","uniswap","Position"
"tickUpper","Tick","NON_NULL","uniswap","Position"
"liquidity","BigInt","NON_NULL","uniswap","Position"
"depositedToken0","BigDecimal","NON_NULL","uniswap","Position"
"depositedToken1","BigDecimal","NON_NULL","uniswap","Position"
"withdrawnToken0","BigDecimal","NON_NULL","uniswap","Position"
"withdrawnToken1","BigDecimal","NON_NULL","uniswap","Position"
"collectedFeesToken0","BigDecimal","NON_NULL","uniswap","Position"
"collectedFeesToken1","BigDecimal","NON_NULL","uniswap","Position"
"transaction","Transaction","NON_NULL","uniswap","Position"
"feeGrowthInside0LastX128","BigInt","NON_NULL","uniswap","Position"
"feeGrowthInside1LastX128","BigInt","NON_NULL","uniswap","Position"
"id","ID","NON_NULL","uniswap","PositionSnapshot"
"owner","Bytes","NON_NULL","uniswap","PositionSnapshot"
"pool","Pool","NON_NULL","uniswap","PositionSnapshot"
"position","Position","NON_NULL","uniswap","PositionSnapshot"
"blockNumber","BigInt","NON_NULL","uniswap","PositionSnapshot"
"timestamp","BigInt","NON_NULL","uniswap","PositionSnapshot"
"liquidity","BigInt","NON_NULL","uniswap","PositionSnapshot"
"depositedToken0","BigDecimal","NON_NULL","uniswap","PositionSnapshot"
"depositedToken1","BigDecimal","NON_NULL","uniswap","PositionSnapshot"
"withdrawnToken0","BigDecimal","NON_NULL","uniswap","PositionSnapshot"
"withdrawnToken1","BigDecimal","NON_NULL","uniswap","PositionSnapshot"
"collectedFeesToken0","BigDecimal","NON_NULL","uniswap","PositionSnapshot"
"collectedFeesToken1","BigDecimal","NON_NULL","uniswap","PositionSnapshot"
"transaction","Transaction","NON_NULL","uniswap","PositionSnapshot"
"feeGrowthInside0LastX128","BigInt","NON_NULL","uniswap","PositionSnapshot"
"feeGrowthInside1LastX128","BigInt","NON_NULL","uniswap","PositionSnapshot"
"factory","Factory","OBJECT","uniswap","Query"
"factories","Unknown","NON_NULL","uniswap","Query"
"bundle","Bundle","OBJECT","uniswap","Query"
"bundles","Unknown","NON_NULL","uniswap","Query"
"token","Token","OBJECT","uniswap","Query"
"tokens","Unknown","NON_NULL","uniswap","Query"
"pool","Pool","OBJECT","uniswap","Query"
"pools","Unknown","NON_NULL","uniswap","Query"
"tick","Tick","OBJECT","uniswap","Query"
"ticks","Unknown","NON_NULL","uniswap","Query"
"position","Position","OBJECT","uniswap","Query"
"positions","Unknown","NON_NULL","uniswap","Query"
"positionSnapshot","PositionSnapshot","OBJECT","uniswap","Query"
"positionSnapshots","Unknown","NON_NULL","uniswap","Query"
"transaction","Transaction","OBJECT","uniswap","Query"
"transactions","Unknown","NON_NULL","uniswap","Query"
"mint","Mint","OBJECT","uniswap","Query"
"mints","Unknown","NON_NULL","uniswap","Query"
"burn","Burn","OBJECT","uniswap","Query"
"burns","Unknown","NON_NULL","uniswap","Query"
"swap","Swap","OBJECT","uniswap","Query"
"swaps","Unknown","NON_NULL","uniswap","Query"
"collect","Collect","OBJECT","uniswap","Query"
"collects","Unknown","NON_NULL","uniswap","Query"
"flash","Flash","OBJECT","uniswap","Query"
"flashes","Unknown","NON_NULL","uniswap","Query"
"uniswapDayData","UniswapDayData","OBJECT","uniswap","Query"
"uniswapDayDatas","Unknown","NON_NULL","uniswap","Query"
"poolDayData","PoolDayData","OBJECT","uniswap","Query"
"poolDayDatas","Unknown","NON_NULL","uniswap","Query"
"poolHourData","PoolHourData","OBJECT","uniswap","Query"
"poolHourDatas","Unknown","NON_NULL","uniswap","Query"
"tickHourData","TickHourData","OBJECT","uniswap","Query"
"tickHourDatas","Unknown","NON_NULL","uniswap","Query"
"tickDayData","TickDayData","OBJECT","uniswap","Query"
"tickDayDatas","Unknown","NON_NULL","uniswap","Query"
"tokenDayData","TokenDayData","OBJECT","uniswap","Query"
"tokenDayDatas","Unknown","NON_NULL","uniswap","Query"
"tokenHourData","TokenHourData","OBJECT","uniswap","Query"
"tokenHourDatas","Unknown","NON_NULL","uniswap","Query"
"_meta","_Meta_","OBJECT","uniswap","Query"
"factory","Factory","OBJECT","uniswap","Subscription"
"factories","Unknown","NON_NULL","uniswap","Subscription"
"bundle","Bundle","OBJECT","uniswap","Subscription"
"bundles","Unknown","NON_NULL","uniswap","Subscription"
"token","Token","OBJECT","uniswap","Subscription"
"tokens","Unknown","NON_NULL","uniswap","Subscription"
"pool","Pool","OBJECT","uniswap","Subscription"
"pools","Unknown","NON_NULL","uniswap","Subscription"
"tick","Tick","OBJECT","uniswap","Subscription"
"ticks","Unknown","NON_NULL","uniswap","Subscription"
"position","Position","OBJECT","uniswap","Subscription"
"positions","Unknown","NON_NULL","uniswap","Subscription"
"positionSnapshot","PositionSnapshot","OBJECT","uniswap","Subscription"
"positionSnapshots","Unknown","NON_NULL","uniswap","Subscription"
"transaction","Transaction","OBJECT","uniswap","Subscription"
"transactions","Unknown","NON_NULL","uniswap","Subscription"
"mint","Mint","OBJECT","uniswap","Subscription"
"mints","Unknown","NON_NULL","uniswap","Subscription"
"burn","Burn","OBJECT","uniswap","Subscription"
"burns","Unknown","NON_NULL","uniswap","Subscription"
"swap","Swap","OBJECT","uniswap","Subscription"
"swaps","Unknown","NON_NULL","uniswap","Subscription"
"collect","Collect","OBJECT","uniswap","Subscription"
"collects","Unknown","NON_NULL","uniswap","Subscription"
"flash","Flash","OBJECT","uniswap","Subscription"
"flashes","Unknown","NON_NULL","uniswap","Subscription"
"uniswapDayData","UniswapDayData","OBJECT","uniswap","Subscription"
"uniswapDayDatas","Unknown","NON_NULL","uniswap","Subscription"
"poolDayData","PoolDayData","OBJECT","uniswap","Subscription"
"poolDayDatas","Unknown","NON_NULL","uniswap","Subscription"
"poolHourData","PoolHourData","OBJECT","uniswap","Subscription"
"poolHourDatas","Unknown","NON_NULL","uniswap","Subscription"
"tickHourData","TickHourData","OBJECT","uniswap","Subscription"
"tickHourDatas","Unknown","NON_NULL","uniswap","Subscription"
"tickDayData","TickDayData","OBJECT","uniswap","Subscription"
"tickDayDatas","Unknown","NON_NULL","uniswap","Subscription"
"tokenDayData","TokenDayData","OBJECT","uniswap","Subscription"
"tokenDayDatas","Unknown","NON_NULL","uniswap","Subscription"
"tokenHourData","TokenHourData","OBJECT","uniswap","Subscription"
"tokenHourDatas","Unknown","NON_NULL","uniswap","Subscription"
"_meta","_Meta_","OBJECT","uniswap","Subscription"
"id","ID","NON_NULL","uniswap","Swap"
"transaction","Transaction","NON_NULL","uniswap","Swap"
"timestamp","BigInt","NON_NULL","uniswap","Swap"
"pool","Pool","NON_NULL","uniswap","Swap"
"token0","Token","NON_NULL","uniswap","Swap"
"token1","Token","NON_NULL","uniswap","Swap"
"sender","Bytes","NON_NULL","uniswap","Swap"
"recipient","Bytes","NON_NULL","uniswap","Swap"
"origin","Bytes","NON_NULL","uniswap","Swap"
"amount0","BigDecimal","NON_NULL","uniswap","Swap"
"amount1","BigDecimal","NON_NULL","uniswap","Swap"
"amountUSD","BigDecimal","NON_NULL","uniswap","Swap"
"sqrtPriceX96","BigInt","NON_NULL","uniswap","Swap"
"tick","BigInt","NON_NULL","uniswap","Swap"
"logIndex","BigInt","SCALAR","uniswap","Swap"
"id","ID","NON_NULL","uniswap","Tick"
"poolAddress","String","SCALAR","uniswap","Tick"
"tickIdx","BigInt","NON_NULL","uniswap","Tick"
"pool","Pool","NON_NULL","uniswap","Tick"
"liquidityGross","BigInt","NON_NULL","uniswap","Tick"
"liquidityNet","BigInt","NON_NULL","uniswap","Tick"
"price0","BigDecimal","NON_NULL","uniswap","Tick"
"price1","BigDecimal","NON_NULL","uniswap","Tick"
"volumeToken0","BigDecimal","NON_NULL","uniswap","Tick"
"volumeToken1","BigDecimal","NON_NULL","uniswap","Tick"
"volumeUSD","BigDecimal","NON_NULL","uniswap","Tick"
"untrackedVolumeUSD","BigDecimal","NON_NULL","uniswap","Tick"
"feesUSD","BigDecimal","NON_NULL","uniswap","Tick"
"collectedFeesToken0","BigDecimal","NON_NULL","uniswap","Tick"
"collectedFeesToken1","BigDecimal","NON_NULL","uniswap","Tick"
"collectedFeesUSD","BigDecimal","NON_NULL","uniswap","Tick"
"createdAtTimestamp","BigInt","NON_NULL","uniswap","Tick"
"createdAtBlockNumber","BigInt","NON_NULL","uniswap","Tick"
"liquidityProviderCount","BigInt","NON_NULL","uniswap","Tick"
"feeGrowthOutside0X128","BigInt","NON_NULL","uniswap","Tick"
"feeGrowthOutside1X128","BigInt","NON_NULL","uniswap","Tick"
"id","ID","NON_NULL","uniswap","TickDayData"
"date","Int","NON_NULL","uniswap","TickDayData"
"pool","Pool","NON_NULL","uniswap","TickDayData"
"tick","Tick","NON_NULL","uniswap","TickDayData"
"liquidityGross","BigInt","NON_NULL","uniswap","TickDayData"
"liquidityNet","BigInt","NON_NULL","uniswap","TickDayData"
"volumeToken0","BigDecimal","NON_NULL","uniswap","TickDayData"
"volumeToken1","BigDecimal","NON_NULL","uniswap","TickDayData"
"volumeUSD","BigDecimal","NON_NULL","uniswap","TickDayData"
"feesUSD","BigDecimal","NON_NULL","uniswap","TickDayData"
"feeGrowthOutside0X128","BigInt","NON_NULL","uniswap","TickDayData"
"feeGrowthOutside1X128","BigInt","NON_NULL","uniswap","TickDayData"
"id","ID","NON_NULL","uniswap","TickHourData"
"periodStartUnix","Int","NON_NULL","uniswap","TickHourData"
"pool","Pool","NON_NULL","uniswap","TickHourData"
"tick","Tick","NON_NULL","uniswap","TickHourData"
"liquidityGross","BigInt","NON_NULL","uniswap","TickHourData"
"liquidityNet","BigInt","NON_NULL","uniswap","TickHourData"
"volumeToken0","BigDecimal","NON_NULL","uniswap","TickHourData"
"volumeToken1","BigDecimal","NON_NULL","uniswap","TickHourData"
"volumeUSD","BigDecimal","NON_NULL","uniswap","TickHourData"
"feesUSD","BigDecimal","NON_NULL","uniswap","TickHourData"
"id","ID","NON_NULL","uniswap","Token"
"symbol","String","NON_NULL","uniswap","Token"
"name","String","NON_NULL","uniswap","Token"
"decimals","BigInt","NON_NULL","uniswap","Token"
"totalSupply","BigInt","NON_NULL","uniswap","Token"
"volume","BigDecimal","NON_NULL","uniswap","Token"
"volumeUSD","BigDecimal","NON_NULL","uniswap","Token"
"untrackedVolumeUSD","BigDecimal","NON_NULL","uniswap","Token"
"feesUSD","BigDecimal","NON_NULL","uniswap","Token"
"txCount","BigInt","NON_NULL","uniswap","Token"
"poolCount","BigInt","NON_NULL","uniswap","Token"
"totalValueLocked","BigDecimal","NON_NULL","uniswap","Token"
"totalValueLockedUSD","BigDecimal","NON_NULL","uniswap","Token"
"totalValueLockedUSDUntracked","BigDecimal","NON_NULL","uniswap","Token"
"derivedETH","BigDecimal","NON_NULL","uniswap","Token"
"whitelistPools","Unknown","NON_NULL","uniswap","Token"
"tokenDayData","Unknown","NON_NULL","uniswap","Token"
"id","ID","NON_NULL","uniswap","TokenDayData"
"date","Int","NON_NULL","uniswap","TokenDayData"
"token","Token","NON_NULL","uniswap","TokenDayData"
"volume","BigDecimal","NON_NULL","uniswap","TokenDayData"
"volumeUSD","BigDecimal","NON_NULL","uniswap","TokenDayData"
"untrackedVolumeUSD","BigDecimal","NON_NULL","uniswap","TokenDayData"
"totalValueLocked","BigDecimal","NON_NULL","uniswap","TokenDayData"
"totalValueLockedUSD","BigDecimal","NON_NULL","uniswap","TokenDayData"
"priceUSD","BigDecimal","NON_NULL","uniswap","TokenDayData"
"feesUSD","BigDecimal","NON_NULL","uniswap","TokenDayData"
"open","BigDecimal","NON_NULL","uniswap","TokenDayData"
"high","BigDecimal","NON_NULL","uniswap","TokenDayData"
"low","BigDecimal","NON_NULL","uniswap","TokenDayData"
"close","BigDecimal","NON_NULL","uniswap","TokenDayData"
"id","ID","NON_NULL","uniswap","TokenHourData"
"periodStartUnix","Int","NON_NULL","uniswap","TokenHourData"
"token","Token","NON_NULL","uniswap","TokenHourData"
"volume","BigDecimal","NON_NULL","uniswap","TokenHourData"
"volumeUSD","BigDecimal","NON_NULL","uniswap","TokenHourData"
"untrackedVolumeUSD","BigDecimal","NON_NULL","uniswap","TokenHourData"
"totalValueLocked","BigDecimal","NON_NULL","uniswap","TokenHourData"
"totalValueLockedUSD","BigDecimal","NON_NULL","uniswap","TokenHourData"
"priceUSD","BigDecimal","NON_NULL","uniswap","TokenHourData"
"feesUSD","BigDecimal","NON_NULL","uniswap","TokenHourData"
"open","BigDecimal","NON_NULL","uniswap","TokenHourData"
"high","BigDecimal","NON_NULL","uniswap","TokenHourData"
"low","BigDecimal","NON_NULL","uniswap","TokenHourData"
"close","BigDecimal","NON_NULL","uniswap","TokenHourData"
"id","ID","NON_NULL","uniswap","Transaction"
"blockNumber","BigInt","NON_NULL","uniswap","Transaction"
"timestamp","BigInt","NON_NULL","uniswap","Transaction"
"gasUsed","BigInt","NON_NULL","uniswap","Transaction"
"gasPrice","BigInt","NON_NULL","uniswap","Transaction"
"mints","Unknown","NON_NULL","uniswap","Transaction"
"burns","Unknown","NON_NULL","uniswap","Transaction"
"swaps","Unknown","NON_NULL","uniswap","Transaction"
"flashed","Unknown","NON_NULL","uniswap","Transaction"
"collects","Unknown","NON_NULL","uniswap","Transaction"
"id","ID","NON_NULL","uniswap","UniswapDayData"
"date","Int","NON_NULL","uniswap","UniswapDayData"
"volumeETH","BigDecimal","NON_NULL","uniswap","UniswapDayData"
"volumeUSD","BigDecimal","NON_NULL","uniswap","UniswapDayData"
"volumeUSDUntracked","BigDecimal","NON_NULL","uniswap","UniswapDayData"
"feesUSD","BigDecimal","NON_NULL","uniswap","UniswapDayData"
"txCount","BigInt","NON_NULL","uniswap","UniswapDayData"
"tvlUSD","BigDecimal","NON_NULL","uniswap","UniswapDayData"
"hash","Bytes","SCALAR","uniswap","_Block_"
"number","Int","NON_NULL","uniswap","_Block_"
"timestamp","Int","SCALAR","uniswap","_Block_"
"parentHash","Bytes","SCALAR","uniswap","_Block_"
"block","_Block_","NON_NULL","uniswap","_Meta_"
"deployment","String","NON_NULL","uniswap","_Meta_"
"hasIndexingErrors","Boolean","NON_NULL","uniswap","_Meta_"